Species,years,place,lat,lon,Description,imag,TRUE,Prediction
Miqueliopuntia miquelii,1996,"Chile, Region III.  23 kilometers from Huasco Bajo and 64 kilometers from Vallenar.",-28.314972,-71.150861,,https://serv.biokic.asu.edu/imglib/h_seinet/seinet/DES/DES00041/DES00041362.jpg,0,0
Cylindropuntia chuckwallensis,2012,"USA, California, Riverside, Northeast end of Chuckwalla Mountains, 11km SSE of Desert Center, 70km west of Blythe, two-track branching south from Corn",33.6246,-115.3381,"Locally rather abundant shrub to 1 m tall with generally several decumbent to erect main stems arising from at or near soil surface, secondary stems generally whorled, spines thinner than those of nearby C. echinocarpa, white, individuals occurring only on areas of dark gray schist and not on nearby granite outcroppings, n=33 during meiosis of microgametogenesis, chromosome determination made 27 March 2012 from live material potted in sand",https://serv.biokic.asu.edu/imglib/h_seinet/seinet/ASU/ASU_Plants/ASU0078/ASU0078719.jpg,0,0
Cylindropuntia acanthocarpa x C. spinosior,2016,"United States, Arizona, Yavapai, 300m south of Ally Wash, 2.1km NNE of Hillside Peak, 1.8km NNE of Hillside, just south and east of Hwy 96",34.433,-112.9133,Single shrub with this morphology; heavily infested with off-white insect larvae; stems processed in sunlight.,,0,0
Pereskia humboldtii var. humboldtii,1998,"USA, California, San Diego, San Diego, San Diego Natural History Museum",32.732111,-117.1473601,"Shrub to 1.8 meters tall. Flower: tepals dull red; filaments pink with white base, style white, stigma white.",https://serv.biokic.asu.edu/imglib/h_seinet/seinet/ASU_Plants/201509/ASU0089117_1441834207.jpg,0,0
Opuntia soederstromiana,1987,"Ecuador, Imbabura, Quebrada Bermejal, 1 km NW of Loma del Culebrón, 2 km S of Rio Chota, 15 km NNE of Ibarra.",0.45833,-78.03333,Cloning shrub in wash; flowers orange-yellow turning red-orange; fruit red with blood-red pulp.,https://serv.biokic.asu.edu/imglib/h_seinet/seinet/ASU/ASU0058/ASU0058681.jpg,1,0
Cylindropuntia x neoarbuscula,1996,"USA, Arizona, Pinal County, SE of Florence along Barkerville Road",32.8956,-111.044,Flowers orange-bronze suffused with purple; one plant; pollen stain = 74.8%,https://serv.biokic.asu.edu/imglib/h_seinet/seinet/Cactaceae/herbarium_sheets/Cacta_Cylindropuntia_xneoarbuscula129389c0.jpg,1,0
Eriosyce curvispina var. tuberisulcata,1994,"Chile, Valparaiso, 2 km S of [Valparaiso], before Laguna Verde",-33.066667,-71.65,,https://serv.biokic.asu.edu/imglib/h_seinet/seinet/DES/DES00037/DES00037057.jpg,0,0
Epiphyllum phyllanthus var. hookeri,2010,"United States, Florida, Lee Co., West Lake Mine; ca. 5 mi. NE of the junction of I-75 and Corkscrew Road (C-850), ca. 2.5 mi. NW of the junction of Al",26.4731,-81.7242,,http://storage.idigbio.org/portals/seinet/sernec/USF/00243/243910_1530637809_web.jpg,0,0
Cylindropuntia x congesta,1995,"USA, Arizona, Yavapai County, 2k north of Hillside; 2k south of Sadies Peak; just south of Ally Wash; ca. 30m north of dirt road",34.4336,-112.914,"Densely branched shrub 4dm tall, 7dm broad; spines red-brown with translucent-white tops; sheaths translucent-white, tinged tan toward apex; flowers yellow, tinged variously green, purple-red, and brown-orange; filaments pale-green below, pale purple-red above; style cream-white; stigma pale green; fruit spineless or with at least 2 persistent spines, leathery, tuberculate, ca. yellow-green, orange-red toward apex, especially about the areoles, both putative parents occur within 30m; seeds per fruit: 3, 3, 2, 7, 20, 0, 3, 1, 19",https://serv.biokic.asu.edu/imglib/h_seinet/seinet/Cactaceae/herbarium_sheets/Cacta_Cylindropuntia_xcongesta189785c0.jpg,1,0
Cumulopuntia boliviana,2004,"Chile, Antofagasta, Region III. Antofagasta. NE slope of Quebrada La Chita on road to Collama.",-22.410528,-70.35,"Clumps 35 - 50 cm in diameter; spines golden to brown, erect, rigid.",https://serv.biokic.asu.edu/imglib/h_seinet/seinet/DES/DES00055/DES00055831.jpg,0,0
Cereus nashii,1907,"United States of America, New York, New York Botanical Garden",40.862412,-73.878143,,http://storage.idigbio.org/portals/seinet/mam/NY/00385/webmedia_1473315761_web.jpg,0,0
Cylindropuntia x tetracantha,1995,"USA, Arizona, Pima County, 1.9k west of Big Wash",32.4377,-110.973,"Shrub 1.2m tall, as broad, rooted along wash; stems spreading to erect; fruit clavate, smooth, yellow to red",https://serv.biokic.asu.edu/imglib/h_seinet/seinet/Cactaceae/herbarium_sheets/Cacta_Cylindropuntia_xtetracantha192349.jpg,0,0
Cereus hildmannianus subsp. uruguayanus,2016,"Uruguay, Salto, Salto, Ruta 31, KM 130",-31.459912,-56.7168875,Large cactus,http://storage.idigbio.org/portals/seinet/arizona/SEINet/201612/DSCN0131-m_1480777491.jpg,0,0
Opuntia elata,2006,"Argentina, Salta, Provincia Salta. Valle Calchaquies. El Carmen. En ruta 40 por entrada a Molinos y Angastaco, ca de 4 km al NW de Angastaco.",-25.613222,-66.189964,"Planta erecta con tronco definido, 1.20 cm de alto, 1 m ancho, ramas ascendentes, epidermis glabra; segmentos langeolados, el apice Redondo, 12-16 cm largo, 4-6 cm de ancho, gruesos, verde obscuro; areolas elipticas 3-4 mm largo, 2-3 mm ancho, lana café claro; gloquidasausentes a escazas. Espinas 0-1, subuladas. Flores anaranjadas rotadas, 6-8 cm de diametro. Cultivada como ornamental en frete de casa,",https://serv.biokic.asu.edu/imglib/h_seinet/seinet/DES/DES00063/DES00063856.jpg,1,0
Weberocereus rosei,1935,"Ecuador, Santa Domingo de los Tsachilas, Rio Palanque Research Station; 47 km south of Santo Domingo.",-0.45599,-79.15824,Cultivated in tree and in greenhouse. Fruit bright pink-red.,https://serv.biokic.asu.edu/imglib/h_seinet/seinet/ASU/ASU0054/ASU0054061.jpg,0,0
Cleistocactus icosagonus,1937,"Ecuador, Azuay, 8 km due ENE of Santo Isabel.",-3.266667,-79.316667,"Decumbent. 1620 m Flowers pink, anthers cream-white, filaments suffused with pink above, style white, stigma light green.",https://serv.biokic.asu.edu/imglib/h_seinet/seinet/ASU/ASU0052/ASU0052542.jpg,0,0
Echinocereus triglochidiatus var. triglochidiatus,1998,"United States, Colorado, Delta, Northern Gunnison Basin. N of Youngs Peak, ca 3/4 air mi N of Crawford.",38.7151383,-107.6005294,,https://botanydb.colorado.edu/COLO_V/00579/00579540.jpg,1,0
Cylindropuntia hystrix,2018,"Cuba, Guantanamo, San Antonio del Sur, Lomas al norte de la Bahia de Baitiquiri, San Antonino del Sur",20.01906,74.88063,"Plantas escasas cientos de individuos; los tallos terminales desprendiendo fácilamente formando nuevos clones; las vainas doradas iluminadas en el sol, asi que las plantas formando parches dorados en el paisaje; frutos verdes a amarillentos, estériles y aveces formando cadenas, aveces con espinas gloquidoidios (i.e. caducos)",https://serv.biokic.asu.edu/imglib/h_seinet/seinet/DES/DES00085/DES00085937.jpg,0,0
Rhipsalis baccifera subsp. baccifera,2014,"United States, Florida, Hillsborough Co., University of South Florida Botanical Gardens, University of South Florida Botanical Gardens, SE side of Lak",28.0581,-82.4244,,https://cdn.plantatlas.org/img/specimens/USF/276372.jpg,0,0
Copiapoa tocopillana,1987,"Chile, Tocopilla, Town: Tocopilla; top of coastal mountain north of Mina Esperanza. Plant separate.",-22.13333,-70.16666,,https://serv.biokic.asu.edu/imglib/h_seinet/seinet/DES/DES00046/DES00046817.jpg,0,0
Eriosyce odieri subsp. odieri,1982,"Chile, 10 km N on the coast (Neoporto?)",-27.8,-71.066667,,https://serv.biokic.asu.edu/imglib/h_seinet/seinet/DES/DES00040/DES00040386.jpg,0,0
Echinocereus enneacanthus subsp. brevispinus,2009,"USA, Texas, Val Verde, 1km south of the Pecos River and 1km north of the Río Grande, ESE of Langtry",29.8,-101.45,"Flowers purple; flower buds collected in meiosis 13 June 2005 after remaining dormant for several weeks; individual in cultivation at Chino Valley, Arizona; stems and flowers collected 2005; n=11 during meiosis of microgametogenesis from same cultivated individual.",https://serv.biokic.asu.edu/imglib/h_seinet/seinet/ASU/ASU_Plants/ASU0079/ASU0079937.jpg,0,0
Opuntia azurea var. diplopurpurea,1977,"USA, Texas, Brewster, Sul Ross Hill, Alpine.",30.36649,-103.64723,,http://storage.idigbio.org/portals/seinet/ngreatplains/SRSC/201602/DSC_1282_1455824527.jpg,0,0
Pereskia lychnidiflora,1990,"Honduras, Choluteca, 3.1 mi toward Orocuina (N) from turnoff at W edge of Chulteca",13.351667,-87.171111,"3-8 m tall, straight-trunked, often flat-topped branches often horizontal and +- whorled. Dense dark green leave cover, showy orange flower. Inner tepals orange, filaments very pale pink",https://serv.biokic.asu.edu/imglib/h_seinet/seinet/DES/DES00036/DES00036828.jpg,0,0
Eriosyce limariensis,1977,"Chile, Valle de Encanto State Park",-30.7,-71.35,form Socos,https://serv.biokic.asu.edu/imglib/h_seinet/seinet/DES/DES00036/DES00036884.jpg,1,0
Echinopsis pampana,1994,"Peru, Arequipa, 22 km eastnortheast of Arequipa along Hwy 30, at km 72.",-16.40128,-71.36833,"Frequent, often many headed, growing up against rocks, plants with large tap roots.",https://serv.biokic.asu.edu/imglib/h_seinet/seinet/ASU/ASU0069/ASU0069686.jpg,0,0
Opuntia cylindrica,1985,"Ecuador, Pichincha, 5 km east of Rio Guayabanba, just east of Guayabanba.",-0.05,-78.3833,"Shrub 1-2 m tall: fruit abundant, not chaining, light yellow-green; spines light straw-colored; flowers pale purple-red, tepals erect, thickened, stigma and anthers cream-white; fruits falling and forming new plants; leaves 2-3 mm long in dry area and 10-12 mm long in wet areas.",https://serv.biokic.asu.edu/imglib/h_seinet/seinet/ASU/ASU0058/ASU0058973.jpg,1,0
Leuchtenbergia principis,1971,"Mexico, Coahuila, West of Saltillo. 0.7 mi N of Hipolito jct. Small ridge east of highway.",25.689461,-101.4011,,https://serv.biokic.asu.edu/imglib/h_seinet/seinet/ASU/ASU0054/ASU0054100.jpg,0,0
Tephrocactus aoracanthus,2010,"Chile, San Juan, Originally received into the DBG living collection as a plant as part of the Chilean Cacti Collection donated by Fred Katterman and o",-31.552325,-68.670497,"Plant height ca 40 cm; stems globose, blue-gray-green; spines black or dark gray or gray, long ca 43-104 mm, reflexed; flowers collected in the afternoon, diameter 40-76 mm, length 56-65, outer perianth white with a green midstripe, inner perianth with with a pinkish midstripe, spines on flowers, nectar glands present; stigma lobe number 5, white; style white; filaments white at top and green at base.",https://serv.biokic.asu.edu/imglib/h_seinet/seinet/DES/DES00068/DES00068912.JPG,1,0
Cleistocactus sepium var. morleyanus,1900,"Ecuador, Chimborazo, Estación Chanchan, Huigra km 0-3 along railroad.",-2.283333,-78.983333,,https://serv.biokic.asu.edu/imglib/h_seinet/seinet/ASU/ASU0052/ASU0052563.jpg,0,0
Opuntia nemoralis,2011,"USA, Louisiana, De Soto, Stonewall, Circa 2.1 mi NE of Stonewall, and 1.4 mi E of Hwy 171.",32.30761,-93.8047,"Small shrubs, thousands of plants throughout barren forming, in some cases, giant clumps to 40 cm high, and up to 8 or more cladodes deep, from the action of disarticulating cladodes, tuberous rooted, fruit red, inner tepals entirely yellow and stigmas light green (flowered in cultivation), 2n=44.",,0,0
Stenocereus yunckeri,1990,"Honduras, Yoro, 4 kilometers W of Olanchito on road to San Jose and Coyoles.",13.510306,-87.12475,"Locally common. Trees (6?) to 9 or 10 m tall; branched from 1 to 1.5 m about ground with moderate secondary branching but crown not crowded. Flowering branches slightly longer-spined and narrower than sterile branches. Faint white annual growth-marks on the dark green surfaces of some stems. Flowers and fruits are from the distal 1 to 4 dm of the stems. Fruit not eaten by the residents, green and fuzzy outside, pure white inside; floral remnant persistent. Bruises and cut surfaces redden immediately and blacken in minutes. Pith and cortex firm and not visibly mucilaginous.",https://serv.biokic.asu.edu/imglib/h_seinet/seinet/DES/DES00036/DES00036838.jpg,0,0
Maihueniopsis nigrispina,2004,"Chile, Region 1, Tarapaca, Along road Cariquima to Colchane, about 5 km NW of Cariquima.",-19.446722,-68.649722,"Plants 5-10 cm tall, 5-15 cm in diameter, branches erect, purplish. Fruit dark purple when ripe.",https://serv.biokic.asu.edu/imglib/h_seinet/seinet/DES/DES00064/DES00064685.jpg,0,0
Opuntia guilanchi,2011,"Mexico, Aguascalientes, Pabellon de Hidalgo, Pabellon de Arteaga",22.169889,-102.348472,,http://db.herbarium.arizona.edu/images/ARIZ/ARIZ/00425/ARIZ425877_lg.jpg,0,0
Cylindropuntia californica subsp. parkeri,2015,"United States, CALIFORNIA, San Bernardino County, Lytle Creek, 15km NW of central San Bernardino, 300m SE of Nealeys Corner at the intersection of Lyt",34.1865,-117.4361,Infrequent shrub but at least four individuals locally.,,0,0
Disocactus schrankii,2001,"Mexico, Mexico, Nanchititla, Temascaltepec.",18.909214,-100.445079,Pitaya.,https://serv.biokic.asu.edu/imglib/h_seinet/seinet/DES/DES00003/DES00003819.jpg,1,0
Disocactus nelsonii,1987,"Mexico, Chiapas, Mpio. de San Cristobal de Las Casas. Santa Cruz en San Filipe.",16.75,-92.633333,Planta trepadora de 4 m con flores amarilla y frutos verdes.,https://serv.biokic.asu.edu/imglib/h_seinet/seinet/ASU/ASU0069/ASU0069690.jpg,0,0
Opuntia penicilligera,1988,"Argentina, Mendoza, Tunuyan, between Tunuyan and El Manzana.",-33.571167,-69.013214,,https://serv.biokic.asu.edu/imglib/h_seinet/seinet/ASU/ASU0064/ASU0064151.jpg,0,0
Cylindropuntia x viridiflora,2008,"USA, Utah, San Juan County, Along San Juan River, north side, upstream from San Juan Hill, ca 50 yards in front of River House Ruin, 12 S 616416 E, 41",37.221217,-109.6885,"Rare, one plant, ca 1 m tall, much branched, growing amongst tamarix, fruits deeply tuberculate, green becoming yellow towards top with maturity, fruits 30(l)x20(w) mm, 36x18 mm, 40x16 mm, 38x22 mm, 38x20 mm, 37x19 mm. Flowers collected 17, 21, 23 April 2009 late afternoon by Joni Ward, Andrew Salywon and Wendy Hodgson: flowers 52, 56-58, 63 mm long, 45, 48, 49, 54 mm diameter, outer perianth wine colored to pink with reddish green midstripe, inner perianth pink to wine colored with green at base and tan-pink margins, filaments chartreuse green becoming pink-magenta distally, anthers yellow, style cream-white, stigma lobes yellow, 5, 7, 8; ovary (hypanthium/pericarp) dark green, large, thick and succulent, drying quickly; fruit collected 17 April 2009, dry, tan, 30(l)x18(w) mm, 22x16 mm, appearing sterile.",https://serv.biokic.asu.edu/imglib/h_seinet/seinet/DES/DES00062/DES00062235.jpg,0,0
Cereus diffusus,1985,"Ecuador, El Oro, Near Abanin, 50 km E of Machala.",-3.31667,-79.58333,"4 m tall, branching at one-third from base; flowers whitish; mature fruit dark purple-green to light green.",https://serv.biokic.asu.edu/imglib/h_seinet/seinet/ASU/ASU0053/ASU0053731.jpg,0,0
Opuntia martiniana,2017,"USA, Arizona, Mohave County, Pass between Peacock and Hualapai Mountains, north bajada of Hualapai Mountain, 24km (15mi) ESE of Kingman, 11km ESE of R",35.1742,-113.7853,"Frequent trailing shrub generally less than 0.5m tall; near type localities for O. macrocentra Engelmann var. martiniana L. Benson. and O. superbospina Griffiths; flowers golden yellow, inner tepals with pale beet-color along midrib, stigma pale green, Style very pale green, abruptly truncated (see also Baker 16782, 16783, 16788, 16798, 16798.2, 16925, 16926, 16927; individuals transplanted to outside garden, Chino Valley, Arizona.",https://serv.biokic.asu.edu/imglib/h_seinet/seinet/ASU/ASU0078/ASU0078815.jpg,1,0
Opuntia x carstenii,2003,"Mexico, Coahuila, Mpio. de Saltillo. 16.5 km S of Carneros and 1.5 km S of Guadalupe Victoria, 0.25 km W of Hwy 54, Saltillo-Zacatecas.",24.9827,-101.087,"shrubs, .30 - .40 m tall, 1.0 -1.5 m in diameter; branches prostrated with 3-7 stem segments.  Pads orbicular, 12-16 (-21( cm in diameter, 1-1.5 cm thick glabrous, gray-green.  Paristachies 10-13, the areoles 1-1.7 cm apart.  Areoles elliptical to round, 3.5-4.5 mm long, 2.5-3.5mm wide; wool white aging dark gray, in lower half of areole.  Glochids yellow to redish aging dark brown, 2-4 mm long, in apical tuft and a few surrounding the wool. Spines acicular, 0-3 (-4) present in upper third and edge of pads, .5-1.5 (-2) cm long, initially redish turning gray with age, central spines erect; 0-1; radial spines 0-4 ascendent to depressed. Flower: 6-6.5 mm long, dark orange to red; pericarp 4.3 -4.5 cm long, 2-2.3 cm in diameter, light green, tubercled; areoles elliptical, 2.3-3 mm long, the glochids reddish, in apical bundle, 3-5 mm long; outer tepals linear to triangular, 10-21 mm long, 4-6 mm wide, bright red, entire, the apex acute; inner tepals broadly lanceolete, 20-5 mm long, 8-9 mm",https://serv.biokic.asu.edu/imglib/h_seinet/seinet/ASU/ASU0019/ASU0019078.jpg,1,0
Echinocereus reichenbachii var. perbellus,1961,"United States, New Mexico, Eddy, N/A",32.38543352,-104.1860203,15 ribs.,,0,0
Opuntia superbospina,1979,"USA, Arizona, Mohave County, SE of Santa Claus, AZ; near end of Chico Mine Road; southeast of mine tailings",35.3367,-114.216,Ca. 1m tall,https://serv.biokic.asu.edu/imglib/h_seinet/seinet/ASU/ASU0052/ASU0052486.jpg,0,0
Opuntia decumbens,2008,"Mexico, Puebla, Zapotitlan, Zapotitlan",18.41276,-97.42615,,http://db.herbarium.arizona.edu/images/ARIZ/ARIZ/00426/ARIZ426220_lg.jpg,0,0
Opuntia ochrocentra,2010,"USA, Florida, Monroe, Florida Keys: Big Munson Island; owned by Boy Scouts of America.",24.62257,-81.39344,"1 large sprawling shrub to 50 cm tall, spines yellow turning white with age, no fruit seen, some cladodes affected by Cactoblastis cactorum; flowers yellow, fruit purple (flowered and fruited in cultivation), 2n=55 (Majure et al. 2012).",,0,0
Cylindropuntia fosbergii,2013,"USA, California, San Diego, Box Canyon 70km ENE of central San Diego",33.017784,-116.439429,"Shrub to 2 m tall, several ""individuals"" locally; n = 33/2 during meiosis of microgametogenesis from bud collected in the field",https://serv.biokic.asu.edu/imglib/h_seinet/seinet/ASU/ASU0078/ASU0078782.jpg,1,0
Coryphantha vivipara var. vivipara,2018,"United States, Nevada, Lincoln, Basin and Range National Monument. White River Drainage; along Old White River Road. ~0.2mi by air north of John Wrigh",37.712649,-115.155354,Perennial to 10cm. Stem ovoid. Corolla pink-magenta.,http://storage.idigbio.org/portals/seinet/intermt/ENLC/201901/GG3537_Coryphantha_vivipara_3f_1547842769.jpg,1,0
Coryphantha longicornis,2012,"Mexico, Durango, Indé, A 1 km aprox. de Palmito",25.616389,-105.000278,"Suculenta, diámetro de 5.75, longitud 6 cm; espinas 1-3 centrales, la dominante hacia abajo, 10-13 radiales, con flor reminiscente, fruto de campo.",https://serv.biokic.asu.edu/imglib/h_seinet/seinet/DES/DES00083/DES00083938.jpg,0,0
Opuntia megarhiza,2000,"Mexico, San Luis Potosi, Mpio. de Armadillo de los Infante. Zona Media; 5 km al N de Los Gomez, sobre carretera a Armadillo de los Infante; 8 km al no",22.18389,-100.6333,"Plantas bianuales, de 15 cm de altura. Cuadrante de estudio Los Gomez. 16 plantas etiquetadas en Agosto de 1999 solo 8 plantas aun contaban con etiquetas; varias etiquetas fueron encontradas arrancadas y tiradas en el suelo, por lo que no se pudo continuar con la medición de plantas presentes. Varias plantas nuevas se encontraron dentro del cuadrante que no habian sido detectadas antes.",https://serv.biokic.asu.edu/imglib/h_seinet/seinet/ASU/ASU0058/ASU0058358.jpg,0,0
Peniocereus marianus,2019,"Mexico, Sonora, Guaymas, Guaymas, Cerro El Vigía (microondas mountain).",27.94292,-110.90227,"Shrub-sized cactus, 1.5 m; stems 4-angled, grayish; 4 open flowers and 20 buds; tepals white. Flowers partially open at 3:15 p.m. in shade of ridgeline, fully open by 4:30 p.m. and visited by honeybees.",http://storage.idigbio.org/portals/seinet/arizona/SEINet/201904/Cactaceae-Peniocereusmarianus-_1555249989.jpg,1,0
Mammillaria heyderi subsp. heyderi,2018,"USA, New Mexico, Hidalgo County, Foothills of Little Hatchet Mountains, eastern side, on Hidalgo-Grant County border.",31.861072,-108.426227,"Rare, growing under Parthenium against limestone rock, with milky sap, 15 mm above ground, 85 mm total height, 110 mm wide, tubercles dark green, flower (one observed) 17 mm high x 18 mm wide, inner tepal 11 mm long x 2.5 mm wide, oblanceolate, outer and inner tepals cream with pink-green midstripe, filaments light cream basal 1/2, light pink distal 1/2, anthers cream, style light pink, stigma lobes 8, light green, fruit 12.5 mm long x 8.5 mm wide, 24x9.5 mm, 18x8.5 mm, 19x9 mm, 20x9 mm, pinkish-red to red, juicy, seeds red-brown(?).",https://serv.biokic.asu.edu/imglib/h_seinet/seinet/DES/DES00086/DES00086943.jpg,1,0
Rhipsalis oblonga,1961,"Brazil, Guanabara, Estrada da Vista Chinesa, km 3.",-22.866667,-47.05,Flores brancas.,https://serv.biokic.asu.edu/imglib/h_seinet/seinet/DES/DES00004/DES00004297.jpg,0,0
Cylindropuntia leptocaulis x whipplei,1992,"USA, Arizona, Yavapai, 0.7 km ESE of the confluence of the Verde River with Sycamore Creek.",34.8625,-112.0709,"Infrutescence prostrate; flowers dark violet to dark blue-violet; dense shrub 4 dm tall; 1 m broad, stems gray-green, spines pale red-brown, sheaths very pale red-brown, dark toward tip; flower buds not open yet, generally less mature than O. whipplei buds nearby, fruit generally green, sometimes yellow; 1 plant seen. n=11 from microsporogenesis; 10 fruit w/0 seeds, 1 w/2, 1 w3, 1w/4, 1w/8.",https://serv.biokic.asu.edu/imglib/h_seinet/seinet/ASU/ASU0294/ASU0294813.jpg,1,0
Opuntia keyensis,1909,"United States of America, Florida, Boot Key",24.697086,-81.099796,,http://storage.idigbio.org/portals/seinet/mam/NY/00385/webmedia_1473311571_web.jpg,0,0
Mammillaria saboae var. haudeana,2008,"Mexico, Sonora, La Otra Banda Pima Indian community across Arroyo El Toro from Yécora.",28.367083,-108.916333,"Locally very common pebble cactus on Báucarit Formation volcanic mudflow barrens . Maximum density: 64-165 heads/m3 (4 plots), heads: 3-16 mm diam. (av. 7.7 mm, n=100); 1-5/plant (23 heads/7 plants).",https://serv.biokic.asu.edu/imglib/h_seinet/seinet/ASU/201111/ASU0059657-1.jpg,0,0
Grusonia densispina,2015,"United States, TEXAS, Brewster County, Big Bend National Park, 2.4km NNW of Solis Landing, 1.4km NW of Solis (historic) at the Mexican border, 152km S",29.0646,-103.1138,"Originally collected by Joselyn Fenstermacher 2215 9 January 2007, SW of turnoff [to Solis], low, gravel hill north of higher hill, just above small drainage bed, probably gypsiferous soil; material planted in greenhouse pot, Chino Valley, Arizona; somewhat ill-scented; flower photographed and collected 1 August 2015, style damaged, pollen-fertile; another flower photographed and collected 8 August 2015, filaments pale green below, yellow midway, and pale purple-red above; flower collected 26 July 2016 and another 31 July 2016; bud collected during meiosis of microgametogenesis 31 July 2016; flower collected 1 August 2016 and another 6 August 2016; n=22 during meiosis of microgametogenesis.",https://serv.biokic.asu.edu/imglib/h_seinet/seinet/ASU/ASU0300/ASU0300104.jpg,1,0
Harrisia gracilis,2011,"Jamaica, Middlesex Co., Clarendon Par., Harris Savannah.",17.8833,-77.1833,,http://storage.idigbio.org/portals/seinet/sernec/USF/00259/259308_1551078553_web.jpg,1,0
Mammillaria pottsii,1968,"Mexico, Coahuila, Cuatro Ciénegas Basin. Puerto San Marcos about 3 miles south of Rancho San Marcos.",26.74781399,-102.1540546,,https://serv.biokic.asu.edu/imglib/h_seinet/seinet/ASU/ASU0053/ASU0053674.jpg,0,0
Eriosyce senilis subsp. coimasensis,1982,"Chile, Chile, A. Hoffmann",-32.95,-70.766667,,https://serv.biokic.asu.edu/imglib/h_seinet/seinet/DES/DES00040/DES00040382.jpg,1,0
Pereskiopsis blakeana,2001,"Mexico, Sinaloa, Culiacan, Sindicatura de Baila, Â¦ 2.5 km de la carr. Mex. 15, por la carr. que conduce al cerro de microondas Culagua, a 600 m al W",25.01167,-106.9967,,http://db.herbarium.arizona.edu/images/ARIZ/362/ariz362021.jpg,0,0
Mammillaria tezontle,1989,"Mexico, San Luis Potosi, San Luis Potosi: Villa Hidalgo: km 32.5 #57, NE of San Luis Potosi",22.37833,-100.78,extirpated,https://serv.biokic.asu.edu/imglib/h_seinet/seinet/DES/DES00051/DES00051608.jpg,1,0
Grusonia vilis,2008,"Mexico, Zacatecas, Mpio. de Mazapil. San Juan de los Cedros (Ex Hacienda de Cedros).",22.6725,-101.5839,"Plantas cespitosas, de 30 cm de diametro por 10 cm de alto; segmentos del tallo cilindricos, obovados, 3-4 cm de largo, desprendióles, verde obscuro a grisáceo, formando cadenas hasta de 8 segmentos, reptantes; tubérculos 1-1.5 cm de largo por 0.5 cm de alto; areolas elipticas 3-4 mm x 3 mm; lana blanca pasando a grisacea; gloquidas numerosas dispuestas en la mitad superior de la areola, amarillentas, hasta de 6 mm de largo en ápice de segmentos; vaina papiracea en la punta de espinas; espinas aciculadas con base triangular, asperas, rigidas hasta 4.5 cm de largo, 1 central y hasta 12 radiales; fruto claviforme, 2.5 cm de largo x 1.2 cm de diámetro; areolas con gloquidas cortas.",https://serv.biokic.asu.edu/imglib/h_seinet/seinet/ASU/ASU0054/ASU0054219.jpg,0,0
Opuntia macracantha,1902,"United States, Texas, El Paso, El Paso and vicinity",31.75872,-106.486931,,/imglib/seinet/mam/PH/PH00777/PH00777392_1581451914_web.jpg,0,0
Echinocereus stramineus var. stramineus,1983,"United States, Texas, Brewster, Big Bend National Park; 0.5 mile NE of Lower Tornillo Creek on road from Rio Grande Village to Panther Junction",29.186111,-103.008333,Scattered clumps,http://storage.idigbio.org/portals/seinet/midwest/IND/IND-0091/IND-0091752_1496956216_web.jpg,1,0
Echinocereus fitchii,1980,"United States of America, Texas, Laredo.",27.545766,-99.51681,,http://storage.idigbio.org/portals/seinet/midwest/misc/201504/webmedia_1429867632_web.jpg,0,0
Mammillaria melanocentra,1993,"Mexico, Cultivated at Desert Botanical Garden, 33 deg 27'33'' N, 111 deg 56'35'' W, ca 1200 feet, accession number 1958 6255 0101, originally received",32.357937,-116.83869,"Flower diameter 24-30 mm, length 20-24 mm, stigma number 7-8, stigma color light green, outer perianth color white with pale brownish-purple mid-stripe, inner perianth color white with brownish-purple mid-stripe; style color pink; nectar clear and viscous; milky, sticky sap present upon flower collection.",https://serv.biokic.asu.edu/imglib/h_seinet/seinet/DES/DES/DES00042/DES00042301.jpg,1,0
Eriosyce krausii,1982,"Chile, Pta. Los Lobos",-26.95,-70.75,,https://serv.biokic.asu.edu/imglib/h_seinet/seinet/DES/DES00040/DES00040371.jpg,1,0
Cylindropuntia californica subsp. californica,2008,"USA, California, San Diego, Florida Canyon: E side of Florida Canyon, N of intersection 26th St. & Pershing Dr. and S of Bob Wilson Dr. and Florida Dr",32.7239,-117.1428,Perennial with red tinged yellow flowers; 4-5 colonies seen.,https://serv.biokic.asu.edu/imglib/h_seinet/seinet/ASU/ASU0297/ASU0297737.jpg,1,0
Opuntia abyssi,1991,"USA, Arizona, Mohave County, Peach Springs Canyon",35.7473,-113.363,"Flowers green-yellow, filaments yellow; spines white, suffused with red-brown, especially toward base; sheaths translucent white",,0,0
Eriosyce villosa,1979,"Chile, 1 kilometer E of, in rock crevices.",-28.466667,-71.233333,form  cephalophora  subs. Neoporteria,https://serv.biokic.asu.edu/imglib/h_seinet/seinet/DES/DES00037/DES00037074.jpg,1,0
Eriosyce garaventae,1994,"Chile, Valparaiso, Near the top of Cerro Campana",-32.083333,-71.116667,,https://serv.biokic.asu.edu/imglib/h_seinet/seinet/DES/DES00037/DES00037059.jpg,0,0
Pilosocereus arrabidae,1959,"Brazil, Guanabara, Avenida Litoranea.",-22.866667,-47.05,,https://serv.biokic.asu.edu/imglib/h_seinet/seinet/DES/DES00004/DES00004294.jpg,0,0
Brasiliopuntia brasiliensis,2001,"Guatemala, Suchitepequez, San Miguel Duenas.",14.421598,-91.404825,"Arborescente, 3.5 m de altura, segmentos bovados, glabros, delgados. Espinas blancas, aciculares, base aplanada, el ápice ambar. Flores amarillas, 2.5 cm largo, 3 cm ancho en anthesis; estilo blanco amarillento, stigma verde claro, lobulos 5; filamentos blanquecino-amarillento, thygmotropicos; antheras amarillas, 1.5 mm long. Frutos amarillentos, esteriles.",https://serv.biokic.asu.edu/imglib/h_seinet/seinet/ASU/ASU0058/ASU0058989.jpg,0,0
Coleocephalocereus fluminensis,1961,"Brazil, Guanabara, Reserva Biologica de Jacarepagua.",-22.959706,-43.369083,,https://serv.biokic.asu.edu/imglib/h_seinet/seinet/DES/DES00004/DES00004290.jpg,0,0
Lepismium cruciforme,1964,"Brazil, Santa Catarina, entre Sao Miguel Oeste e Peperi-Guacu",-28.333333,-49.116667,,https://serv.biokic.asu.edu/imglib/h_seinet/seinet/DES/DES00004/DES00004305.jpg,0,0
Echinomastus intertextus var. dasyacanthus,2005,"USA, New Mexico, Dona Ana, 1 km SE of Anthony Gap, 8 km east of Anthony.",32.002827,-106.513594,Frequent among gravel where Larrea is abundant.,https://serv.biokic.asu.edu/imglib/h_seinet/seinet/ASU/ASU0066/ASU0066603.jpg,1,0
Austrocactus spiniflorus,1982,"Chile, Santiago Metropolitan, Town: Lagunilla. Below Lagunilla under shrubs.",-33.783333,-70.25,,https://serv.biokic.asu.edu/imglib/h_seinet/seinet/DES/DES00046/DES00046753.jpg,0,0
Echinocereus reichenbachii subsp. caespitosus,2014,"USA, Texas, Hays, 3 air miles north of the center of San Marcos; 5 air miles south of the Blanco River, north side of country road 222 (Hilliard Road)",29.928213,-97.941184,Locally abundant (32 in my path per hour of slow searching).,https://serv.biokic.asu.edu/imglib/h_seinet/seinet/ASU_Plants/201410/ASU0079858_1413847576.jpg,1,0
Opuntia cymochila,2015,"United States, NEW MEXICO, Lincoln County, Sierra Blanca, NE slope of Grindstone Mesa, above and west of Grindstone Canyon, 3km WSW of central Ruidoso",33.3206,-105.7073,,,0,0
Echinocereus fendleri subsp. rectispinus,1970,"Mexico, Sonora, 2.8 mi E of rd to Bacoachi from Cananea, jct. Rd. 6.5 mi N of Bacoachi",31.020833,-110.218333,,https://serv.biokic.asu.edu/imglib/h_seinet/seinet/DES/DES00015/DES00015976.jpg,1,0
Rhipsalis pulchra,1960,"Brazil, Est. do Rio de Janeiro, Teresopolis, Parque Nacional da Serra dos Orgaos, entre Abrigos 2 e 3.",-22.400927,-42.8289,,https://serv.biokic.asu.edu/imglib/h_seinet/seinet/DES/DES00004/DES00004274.jpg,0,0
Melocactus praerupticola,2016,"Dominican Republic, La Vega, Constanza, Poblado, El Limon, Loma Los Indios, al costado del Rio Pantuflas, propiedad de Efrain Rosado.",18.90169,-70.81022,"Cuerpo globoso, hasta 10 cm de alto, con 10 costillas, flores rosadas, drutos rosados, aovados; mayormente juvenilies aqui, los adultos estan sacados para vendor por usus medicinales; vimos restos de un especimen pelado (d9nde habian quitado las espinas y parte de las raices).",https://serv.biokic.asu.edu/imglib/h_seinet/seinet/DES/DES00086/DES00086227.jpg,0,0
Opuntia repens,2009,"USA, Puerto Rico, Lajas, Off Hwy. 116 W, Lajas, ca. 5 km NW of La Parguera, ca. 50 m from paved road along dirt rd.",17.99624,-67.0903,"Common. Plants climbing over rocks, prostrate to slightly ascending to 20 cm tall, none seen in flower, cladodes easily disarticulating.",https://serv.biokic.asu.edu/imglib/h_seinet/seinet/DES/DES00077/DES00077272.jpg,0,0
Eriosyce villicumensis,1986,"Argentina, Sierra Villucum, on hills above mine. Also on flats along road.",-31.25,-68.633333,form  villicumensis  subs. Pyrrhocactus,https://serv.biokic.asu.edu/imglib/h_seinet/seinet/DES/DES00037/DES00037178.jpg,1,0
Mammillaria grahamii subsp. grahamii,2012,"Mexico, Sonora, Mazatán, Rancho Chicural, 8.5 km (by air) WSW of Mazatán.",28.97889,-110.22306,,https://serv.biokic.asu.edu/imglib/madrean/maba/flora/MABA/201301/Mammillaria_grahamii-TRVa.jpg,1,0
Opuntia columbiana,2014,"United States, Washington, Spokane, Spokane, Between North Ash Street and North Maple Street south of West Courtland Avenue",47.688664,-117.435831,,http://storage.idigbio.org/portals/seinet/nansh/SEINet/201711/DSC00388_1510890504.jpg,0,0
Cylindropuntia acanthocarpa var. acanthocarpa,2004,"USA, Arizona, Pinal County, Arizona Trail, Tiger Mine Trailhead to Freeman Road passage, just above Putnam Wash, north of Bloodsucker Wash.",32.827194,-110.813417,"Frequent, erect-sprawling, flowers 40(l) x 40(w) mm, 46x45 mm, 40x43 mm, 36x40 mm, perianth orange-red-rust red, filaments yellow-maroon-cream, anthers yellow, style very light green to cream white, stigma lobes 8, light green.",,0,0
Opuntia cordobensis,2006,"Argentina, Salta, Quebrada del Toro en ruta 51 ca. de 1.2 km al W de Campo Quijano.",-24.898333,-65.663303,"Arbustos, 1.0-1.30 m del alto, 1.5 m de ancho; cladodios oblongos a anchamente obovados, 16-25 cm de largo, 12-14 cm de ancho, verde grisaceos, el apice agudo; areolas dispuestas en 6-7 series espiraladas, distantes 3-4 cm; areolas elipticas a circulares, espinas blancas a grises, subuladas, 0-3, 1-3.5 cm de largo.  Flores anaranjadas, 8 cm de largo, 6 cm de ancho; pericarpelo elongado, verde obscuro, glabro, con 4 series de areolas.  Areolas circulares, con lana blanca.  Tepalos externos deltoides, verde obscuro; tepalos internos naranja, 4-4.5 cm de largo, 2.5 cm de ancho; filamentos amarillos, 1-1.2 cm de largo, anteras amarillo claro, 2.5mm de largo, estilo anaranjado, 1.5 cm de largo; estigma amarillento, 5-6 mm de largo.",https://serv.biokic.asu.edu/imglib/h_seinet/seinet/DES/DES00063/DES00063852.jpg,1,0
Echinocereus conoideus,1932,"United States, Texas, Edwards",29.982633,-100.304742,,https://web.corral.tacc.utexas.edu/torch/BRIT/BRIT0341000/BRIT341717_med.jpg,0,0
Eriosyce bulbocalyx,1986,"Chile, Town: Marayes, San Juan. In rocky hills on side of road. Plant separate.",-31.45,-67.38333,,https://serv.biokic.asu.edu/imglib/h_seinet/seinet/DES/DES00046/DES00046810.jpg,0,0
Melocactus harlowii,2018,"Cuba, Guantanamo, Imías, Imías, Primera terraza de Macambo, Imías.",20.069444,-74.630833,"Miles de indivs. con 11-13 costillas, muchos ramificando desde el cefalio, los tépalos rosados, frutos blancos a rosado-morados.",https://serv.biokic.asu.edu/imglib/h_seinet/seinet/DES/DES00085/DES00085932.jpg,1,0
Cylindropuntia abyssi,2007,"USA, Arizona, Coconino County, Grand Canyon, Granite Park, river mile 209, river left, ca 1/4 mile from Colorado River, south of wash.",35.967767,-113.314583,"Frequent to occasional shrub, 2/3 m tall x 2/3 m wide, flowers yellow, old, spine, sheaths tan with hint of pink; plant suggestive of some C. acanthocarpa introgression.",https://serv.biokic.asu.edu/imglib/h_seinet/seinet/DES/DES00058/DES00058940.jpg,1,0
Pereskiopsis porteri,2013,"Mexico, Sonora, Navojoa, Mesa Masiaca, 7.1 km (by air) W of Masiaca, 35.4 km (by air) SSE of Navojoa.",26.77389,-109.30611,,https://serv.biokic.asu.edu/imglib/madrean/maba/flora/MABA/201302/Pereskiopsis_porteri-TRVa.jpg,0,0
Cleistocactus leonensis,1985,"Ecuador, Azuay, Above the Rio Leon.",-3.41667,-79.33333,"Decumbent to erect, branching usually from near base, stem dark green, spines gray, fruit dark green, seeds black, no flowers.",https://serv.biokic.asu.edu/imglib/h_seinet/seinet/ASU/ASU0052/ASU0052543.jpg,0,0
Opuntia x occidentalis,1988,"United States, California, Orange, N. Euclid Ave, W side of Fullerton, 1/2 mi N of Bastanchury",33.89619,-117.943741,"Fls bright lemon yellow, faint salmon base, yellow filaments; style white, stigmas bright dark green.",,0,0
Opuntia basilaris var. basilaris,2008,"United States, Utah, Washington, Foothills of the Beaver Dam Mountains.",37.064667,-113.91235,,,0,0
Opuntia littoralis var. vaseyi,2015,"United States, CALIFORNIA, San Bernardino, San Gabriel Mountains, 27 km NW of central San Bernardino, 20km SW of Hesperia, 1.4km WNW of Cajón Junction",34.3156,-117.489,Local shrub with mostly prostrate to decumbent stems.,,0,0
Echinomastus warnockii,1995,"USA, Texas, Brewster County, Big Bend National Park, Willow Springs Site.",29.309333,-103.035317,"Plants occasional, small, single.",https://serv.biokic.asu.edu/imglib/h_seinet/seinet/DES/DES00041/DES00041649.jpg,0,0
Copiapoa taltalensis,2011,"Chile, Region II, Originally received into the DBG living collection as a plant collected by E. F. Anderson 6358 9 July 1997 with Fred Katterman 1086",-25.63575,-70.631833,"Single stem with 5 main branches with sub-branching, height 13 cm, diameter 20 cm; stems gray-green with some browning; spines lighty gray with black or dark brown tips; flowers collected mid-afternoon, diameter 46-54 mm, length 35-38 mm, outer perianth cream with a wide, dark pink midstripe, inner perianth cream with pale pink midstripe; stigma lobe number 9-10, cream or pale yellow; style hot pink; filaments cream, some filaments tight around style, others against inner perianth; sweet nectar.",https://serv.biokic.asu.edu/imglib/h_seinet/seinet/DES/DES00069/DES00069097.jpg,1,0
Opuntia spinosibacca,2017,"USA, Texas, Brewster, Big Bend National Park, Rooney's Place",29.094472,-103.06875,,https://serv.biokic.asu.edu/imglib/h_seinet/seinet/DES/DES00069/DES00069808.jpg,0,0
Opuntia strigil,1986,"USA, Texas, Terrell County, 2.5 miles E of sanderson at the landfill on limestne hillside.",29.258333,-102.925,,https://serv.biokic.asu.edu/imglib/h_seinet/seinet/DES/DES00037/DES00037562.jpg,0,0
Mammillaria rettigiana,1990,"Mexico, Guanajuato, San Miguel de Allende: San Miguel de Allende-Guanajuato. North of road next to quarry.",20.9,-101.075,Ample plants.,https://serv.biokic.asu.edu/imglib/h_seinet/seinet/DES/DES00063/DES00063826.jpg,1,0
Melocactus curvispinus subsp. caesius,2011,"Venezuela, Isla Margarita, Originally received into the DBG living collection as a seed from Stadtisch Sukkulenten-Sammlung 1994/95 #85, originally co",11.126672,-63.841553,"Plant height 8 inches, globose; stem gray-green, rib count 13, crest of stem has a short protrusion covered in white wooly spines and reddish-brown spines; spines tan or amber or pale reddish-brown with darker tips, one erect spine; flowers collected in the afternoon, diameter 16 mm, length 20-21 mm, outer perianth pale hot pink, inner perianth hot pink; stigma lobe number 6, white; style pale pink or white; filaments very pale yellow; fruits fleshy, ovoid, red at tops, hot pink at base, diameter 9 mm, length 20-22 mm; seeds black.",https://serv.biokic.asu.edu/imglib/h_seinet/seinet/DES/DES00068/DES00068911.JPG,1,0
Mammillaria yaquensis,1992,"Mexico, Sonora, 0.4 mi ESE of turnoff to Las Guasimas on México 15, Son.",27.90972,-110.5583,,http://db.herbarium.arizona.edu/images/ARIZ/327/ariz327375.jpg,0,0
Leptocereus quadricostatus,1995,"Puerto Rico, Peñuelas, Puerto Rico: Peñuelas Mpio.. Lomas contiguas a la autopista n. 2, 2.5 km al este de Seboruco. Bosques secos colinosos. Planta r",18.1307,-65.3082,,http://storage.idigbio.org/portals/seinet/sernec/FLAS/00268/268354a1_1559662173_web.jpg,0,0
Opuntia atropes,2014,"Mexico, Morelos, Yautepec, Ctra. federal Morelos Cuernavaca-Yautepec de Zaragoza",18.945444,-99.077444,,http://db.herbarium.arizona.edu/images/ARIZ/ARIZ/00426/ARIZ426076_lg.jpg,0,0
Echinocereus bristolii,1982,"Mexico, Sonora, Sierra W of Moctezuma ca. 38 miles NE of the road junction at Mazocauhi where Hwy 21 crosses a bridge over an arroyo.",30.026421,-109.821544,,https://serv.biokic.asu.edu/imglib/h_seinet/seinet/ASU/ASU0053/ASU0053114.jpg,0,0
Hylocereus undatus,2007,"Mexico, Yucatan, Sotuta, Mexico: State: Yucatan: Sotuta. Tabi: A resident of Tabi's yard. Elev. 24 m. Highly disturbed area. Vine, large white flower,",20.5993,-88.89868,,http://storage.idigbio.org/portals/seinet/sernec/FLAS/00225/225426a1_1522291643_web.jpg,0,0
Stenocereus alamosensis,2009,"Mexico, Sonora, Benjamín Hill, 8.5 km (by air) ESE of Benjamín Hill.",30.14111,-111.03028,,https://serv.biokic.asu.edu/imglib/madrean/maba/flora/MABA/201303/Stenocereus_alamosensis-T_4.jpg,1,0
Mammillaria elongata,1991,"Mexico, Queretaro, Mpio. de Cadereyta. A 7 km al N de Vizarrón por la carretera a Pinal de Amoles.",20.85,-99.71667,"Cuerpo cespitoso, tallos cilindricos de aprox. 3 cm de largo y 2 cm diám.",https://serv.biokic.asu.edu/imglib/h_seinet/seinet/ASU/ASU0053/ASU0053613.jpg,1,0
Ferocactus pilosus,2000,"Mexico, Nuevo Leon, 6.7 mi E of jct Rte 57 at San Roberto, along road to Linares.",24.683062,-100.297495,,https://serv.biokic.asu.edu/imglib/h_seinet/seinet/ASU/ASU0053/ASU0053804.jpg,0,0
Opuntia basilaris var. brachyclada,1996,"USA, California, San Bernardino County, Rt 138, 5 miles W of I-15.",34.355444,-117.529417,,https://serv.biokic.asu.edu/imglib/h_seinet/seinet/DES/DES00064/DES00064711.jpg,1,0
Selenicereus grandiflorus,1900,"United States, Pennsylvania, Erie, Erie",42.12735,-80.11068,,/imglib/seinet/mam/CM/CM169/CM169216_1583434673_web.jpg,0,0
Cylindropuntia imbricata subsp. argentea,1993,"USA, Texas, Brewster County, Big Bend National Park, Rooney's Place, on N side of Rio Grande.",29.087778,-103.070278,"Occasional here, on top of ridge, single stemmed but branched above, spines and sheaths silver; plants seemingly stressed by dry conditions.",https://serv.biokic.asu.edu/imglib/h_seinet/seinet/DES/DES00038/DES00038440.jpg,0,0
Mammillaria fittkaui,1991,"Mexico, Guanajuato, Salamanca: Cerro Gordo. Above San Rafael de Cerro Gordo.",20.608333,-101.116667,,https://serv.biokic.asu.edu/imglib/h_seinet/seinet/DES/DES/DES00063/DES00063766.jpg,0,0
Echinocactus polycephalus,2008,"USA, Arizona, Yuma County, Cultivated at the Desert Botanical Garden, Phoenix, Arizona, accession number 1993 0429 0101, originally collected by Ted A",32.293056,-113.998056,"8 stems in clump, ribs 13-15, spines triangular or quadrangular, gray with darker tips (brownish); flowers 54(l)x44(w) mm, 48x45 mm, outer perianth reddish brown tip with green or yellow base, lower perianth are bract-like, inner perianth yellow with a few with reddish tips, filaments light yellow, anthers yellow, style cream-yellow, stigma yellow, 11, 12; soft wooly spines at base of ovary.",https://serv.biokic.asu.edu/imglib/h_seinet/seinet/DES/DES00060/DES00060837.jpg,1,0
Cylindropuntia ganderi var. ganderi,2009,"USA, California, San Diego County, Anza Borrego Desert State Park, 3.5 miles E of Ranchita, Culp Valley, 100 yds W of intersection of county route S22",33.2098,-116.4536,,https://serv.biokic.asu.edu/imglib/h_seinet/seinet/DES/DES00076/DES00076270.jpg,1,0
Cumulopuntia boliviana subsp. boliviana,2006,"Argentina, Salta, Quebrada del Toro en ruta 51 entre San Antonia de los Cobres y Santa Rosa del Tastil.  Ca. de 1.2 km al SE de entronque con ruta 40.",-23.262056,-66.217153,,https://serv.biokic.asu.edu/imglib/h_seinet/seinet/DES/DES00063/DES00063850.jpg,1,0
Rhipsalis neves-armondii,1962,"Brazil, Guanabara, Avenida Edison Passos.",-22.866667,-47.05,,https://serv.biokic.asu.edu/imglib/h_seinet/seinet/DES/DES00004/DES00004300.jpg,0,0
Melocactus nagyi,2019,"Cuba, Granma, Pilón, El Salvial, a un lado de la carretera Sántiago-Pilón, muy cerca de la Estación Biológica de la Reserva.",19.9,-77.316667,"población grande con adultos y bastante juveniles, tallo 15 x 12 cm, con 11 costillas, cefalio 2 x 5 cm, botones y flores viejas con los tépalos rosados, fruto 19 x 8 mm, rosado, clavado; muchos indvs, en población con múltiples tallos por daños del cefalio. Representa población de M. nagyi Mészáros.",https://serv.biokic.asu.edu/imglib/h_seinet/seinet/DES/DES00085/DES00085939.jpg,0,0
Echinocereus palmeri,1981,"Mexico, Chihuahua, Sierra Del Nido complex. 7.5 road mi W Bella Vista on Mesa La Boquilla.",29.075,-106.4917,,https://serv.biokic.asu.edu/imglib/h_seinet/seinet/ASU/ASU0053/ASU0053195.jpg,0,0
Dendrocereus nudiflorus,2018,"Cuba, Matanzas, Matanzas, Punta Cuanos, Punta Guanos",23.14904,-81.63566,"árbol hasta 6 m de alto, su cópula hasta 8 m de ancho, frutos maduros verdes, 10.5 x 9 cm, cayendose al piso al madurar",https://serv.biokic.asu.edu/imglib/h_seinet/seinet/DES/DES00085/DES00085949.jpg,0,0
Mammillaria moelleriana,1994,"Mexico, Zacatecas, Fresnillo, Fresnillo, Sierra Chapultepec",23.445,-103.113333,Occasional milky sap. Milk.,https://serv.biokic.asu.edu/imglib/h_seinet/seinet/DES/DES00086/DES00086923.jpg,0,0
Mammillaria saboae,2008,"Mexico, Sonora, Agua Prieta, Rancho Las Cenizas, 11.6 km southeast of Agua Prieta on road to Colonia Morelos.",31.244,-109.435389,"Solitary mounded (40 mm high, 115 mm diameter) cactus with 15 heads (21-32 mm diameter) in rocky, reddish soil.",https://serv.biokic.asu.edu/imglib/h_seinet/seinet/ASU/ASU0059/ASU0059653.jpg,0,0
Escobaria vivipara,2018,"United States, Nevada, Lincoln, Basin and Range National Monument. White River Drainage; along Old White River Road. ~0.2mi by air north of John Wrigh",37.712649,-115.155354,Perennial to 10cm. Stem ovoid. Corolla pink-magenta.,http://storage.idigbio.org/portals/seinet/intermt/ENLC/201901/GG3537_Coryphantha_vivipara_3f_1547842769.jpg,1,0
Nyctocereus serpentinus,1994,"Mexico, Sonora, Sierra de Alamos, ca. 3.5 km SW of Alamos, 0.5 km N of La Huerta, ca. 3 km NE Aduana Peak, Río Mayo region, Son.",26.99444,-108.975,,http://db.herbarium.arizona.edu/images/ARIZ/310/ariz310988_lg.jpg,0,0
Hylocereus purpusii,2011,"Mexico, Nayarit, Originally received into the DBG living collection as a cutting from a plant grown the Huntington Botanical Garden which was original",21.990956,-104.945981,"Epiphytic climber, horned tip, plant height 1 meter; stem grey-green or blue-grey-green, rib count 3; spineless or with very minute spines less than 4 per aerole, spines grey to dark grey; flower collected in the morning, diameter 15 cm, length 25 cm, outer perianth green with red or red-violet at edges, middle white with pale pink midstripe, inner perianth white, flower was closed and had bloomed overnight, nectar gum on outer perianth lips; stigma lobe number 25, white or cream; style white or cream; filaments white.",https://serv.biokic.asu.edu/imglib/h_seinet/seinet/DES/DES00069/DES00069431.jpg,1,0
Thelocactus conothelos,1991,"Mexico, Nuevo Leon, Mpio. de Dr. Arroyo. La Vallejeña, a 21 km E de Matehuala, por carretera a Dr. Arroyo, en cerros al S de la carretera.",23.7,-100.45,"Cuerpo simple, globoso, de hasta 15 cm de diám. Frutos maduros.",https://serv.biokic.asu.edu/imglib/h_seinet/seinet/ASU/ASU0054/ASU0054042.jpg,0,0
Opuntia engelmannii var. cuija,1988,"Mexico, Zacatecas, Rte 54, 5 mi SW of turnoff to San Tiburcio.",24.14946,-101.484046,Tree to 1.5 m tall; trunk heavily spined.,https://serv.biokic.asu.edu/imglib/h_seinet/seinet/ASU/ASU0058/ASU0058213.jpg,0,0
Eriosyce curvispina var. mutabilis,1977,"Chile, 2 km E of Molle in grass lands",-32.283333,-71.433333,,https://serv.biokic.asu.edu/imglib/h_seinet/seinet/DES/DES00036/DES00036906.jpg,1,0
Epiphyllum hookeri,2001,"Mexico, Mexico, Rincon del Carmen.",18.901662,-100.120039,,https://serv.biokic.asu.edu/imglib/h_seinet/seinet/DES/DES00003/DES00003818.jpg,0,0
Parodia erubescens,2019,"United States, Utah, Cache, Logan, Private Residence at 480 Canyon Road",41.734195,-111.823286,"Globular plant, 5 cm tall; areoles whitish, aligned along plant ribs; spines cinnamon colored, fairly dense, spreading; FLowers 4 cm loong, petals lemon yellow",http://storage.idigbio.org/portals/seinet/intermt/USU_UTC/UTC00283/Parodia_erubescens_flower_base_1557771637.jpg,0,0
Opuntia quimilo,2015,"USA, California, San Diego County, Balboa Park Desert Garden on Park Boulevard.",32.73167,-117.14611,"Plant 1.5 m high; flowers orange with purple-red on the outside, style white, stamens cream, fruits green.",https://serv.biokic.asu.edu/imglib/h_seinet/seinet/DES/DES00073/DES00073245.jpg,0,0
Echinocereus bonkerae,2013,"United States, Arizona, Pima, Tortolita Mountains, Wild Burro Trail, near northeast trailhead and the goat pen",32.50795,-111.04202,"Multi-stemmed cactus on steep ravine side, short spines, many ribs",https://serv.biokic.asu.edu/imglib/h_seinet/seinet/SEINet/201304/4Echinocereus_bonkerae_4-.jpg,1,0
Mammillaria mercadensis,1994,"Mexico, Durango, Km 261, #45 southeast of Durango",24.011667,-104.39,Few plants,https://serv.biokic.asu.edu/imglib/h_seinet/seinet/DES/DES00086/DES00086926.jpg,1,0
Opuntia x vaseyi,1946,"United States, California, San Bernardino, Southern slope of Cajon Pass.",34.3252,-117.4284,,,0,0
Cumulopuntia sphaerica,2013,"Chile, Coquimbo, Punta Teatinos",-29.823,-71.292,"Clump of low spreading cactus stems, these more or less sphaerical",https://serv.biokic.asu.edu/imglib/h_seinet/seinet/ASU/201304/mDSC08148.jpg,1,0
Opuntia antillana,2016,"Dominican Republic, Pedernales, Pedernales, Pedernales, Sierra de Bahoruco, cruce de Cabo Rojo.",17.98139,-71.65212,"Arbustos rasteros formando grandes colonias debajo del bosque seco abierto, todos estériles; con escamas duras y algunas aparentemente previamente atacado por Cactoblastis cactorum como en O. dillenii por la zona; plantas con aparencia de un cruce entre O. dillenii y O. taylorii.",,0,0
Cleistocactus laniceps,2011,"United States, Florida, Sarasota Co., Lake Sarasota, Chaucer Lane, 2.2 km E of I-75.",27.2969,-82.4256,,http://storage.idigbio.org/portals/seinet/sernec/USF/00258/258749_1530816265_web.jpg,0,0
Opuntia jaliscana,1992,"Mexico, Jalisco, Mpio. de Zapotitlan. Rancho El Jabali, 25 km (airline) NNW of Colima in the SW foothills of the Volcan de Colima. Savannah/pasture ar",19.44667,-103.675,"Uncommon arborescent Platyopuntia, 4.5 m high, with a single trunk 15 cm DBH, branches in upper half of plant. FIs. yellow fading to peach pink; stigmas light green, style white; stamens yellow.",https://serv.biokic.asu.edu/imglib/h_seinet/seinet/ASU/ASU0058/ASU0058306.jpg,0,0
Opuntia streptacantha,1988,"Mexico, Zacatecas, Along Rte 49, 8 miles E of jct Rte 45 and at Zacatecas-San Potosi state line.",22.695617,-102.191265,,https://serv.biokic.asu.edu/imglib/h_seinet/seinet/ASU/ASU0058/ASU0058520.jpg,0,0
Echinocereus bacanorensis,2014,"Mexico, Sonora, Bacanora, Rancho las Tierras de Jimenez, 14.9 km (by air) SW of Bacanora, Sierra de Murrieta.",28.8925,-109.52583,,https://serv.biokic.asu.edu/imglib/madrean/greatergood/flora/GreaterGood/MDE-2/Echinocereus_santaritensis_bac_1504741304.jpg,0,0
Disocactus speciosus,2007,"Mexico, Oaxaca, Teotitlán de Flores MagÃ³n Municipio, Puerto de la Soledad 30 km, al NE de Teotitlá",18.166667,-97,,http://db.herbarium.arizona.edu/images/ARIZ/392/ariz392301.jpg,1,0
Austrocylindropuntia cylindrica,2003,"Ecuador, Chimborazo, Guamote; 40 km W of Sangay; along railroad.",-1.91667,-78.75,"Plants locally abundant but probably cloning; shrubs to 3 m tall forming dense thickets; flowers red, but usually not opening.",https://serv.biokic.asu.edu/imglib/h_seinet/seinet/ASU/ASU0054/ASU0054070.jpg,0,0
Echinocereus viridiflorus subsp. cylindricus,1965,"United States, Texas, Jeff Davis, 12 1/3 miles N.E. of Ft. Davis",30.715478,-104.14002,"Stems oblong, about 10 cm. tall and 5.5 cm. thick, 13-ribbed; areola with 13-20 radial spines, these 1 cm. long and white; upper areolae with one central spine, 15 mm. long or more, reddish-brown throughout or at the tip; in bloom.",https://web.corral.tacc.utexas.edu/torch/BRIT/BRIT0342000/BRIT342004_med.jpg,0,0
Cleistocactus sepium var. ventimigliae,1985,"Ecuador, Imbabura, 1.5 km west of Rio Mira.",-0.55,-78.167,"Stens dark green, decumbent, to 1 m tall, spines dark brown when young, light gray with age, the newer spines with light green bases, flowers orange-red, slightly irregular, stigma pale green, stamens grouped above stigna, anthers red-purple, fruit green with a purple apex.",https://serv.biokic.asu.edu/imglib/h_seinet/seinet/DES/DES00078/DES00078340.jpg,0,0
Mammillaria perezdelarosae,1989,"Mexico, Aguascalientes, Pabellon Arteaga: 5 km SE of Rancho Santa Rosa.",22,-102.545,ample plants,https://serv.biokic.asu.edu/imglib/h_seinet/seinet/DES/DES00057/DES00057719.jpg,1,0
Echinopsis pentlandii,1917,"United States of America, New York, Bronx Co., Bronx, New York Botanical Garden",40.862412,-73.878143,,http://storage.idigbio.org/portals/seinet/midwest/misc/201504/webmedia_1429761320_web.jpg,0,0
Opuntia cespitosa,2018,"United States, New York, Queens, Broad Channel, Queens, NY, USA",40.61539722,-73.833,,,0,0
Mammillaria formosa,1980,"Mexico, Zacatecas, Ca. 10.5 mi from Concepcion del Oro on road to Mazapil.",24.63805,-101.49554,"Possibly lloydii; would need more material to be sure; lloydii solitary; formosa often forming large clusters with 2-4 centrals, 0-several radials. Sap milky, flower from different plant.",https://serv.biokic.asu.edu/imglib/h_seinet/seinet/ASU/ASU0053/ASU0053616.jpg,0,0
Acanthocereus occidentalis,1972,"Mexico, Sinaloa, Along Rte 40, 1 mi NE of jct Rte 15 and 2 mi NE of Villa Union.",23.212977,-106.180075,,https://serv.biokic.asu.edu/imglib/h_seinet/seinet/ASU/ASU0052/ASU0052673.jpg,0,0
Opuntia mesacantha subsp. lata,2015,"USA, Georgia, Bullock County, Within 1.2 mi. N of Lotts Cr. Bridge, side of US 25 ca. 6 rd-mi. S of Statesboro and ca. 4 mi N of I-16.",32.369167,-81.852778,Flower Color Data: 2741B (2B) Tepals: yellow; Filaments: yellow to golden; Anthers: very pale yellow/cream; Style & stigma: white. Approx. flowering dates: 13-21 May.,https://serv.biokic.asu.edu/imglib/h_seinet/seinet/DES/DES00060/DES00060599.jpg,1,0
Echinomastus intertextus var. intertextus,1940,"United States, Arizona, Santa Cruz County, 1 miles E of Canille",31.53333,-110.5,,http://db.herbarium.arizona.edu/images/ARIZ/83/ariz83784.jpg,0,0
Eriosyce odieri subsp. glabrescens,1987,"Chile, South on the hills",-28.183333,-71.133333,,https://serv.biokic.asu.edu/imglib/h_seinet/seinet/DES/DES00037/DES00037158.jpg,1,0
Opuntia lata,2010,"United States, Florida, St. Johns, United States: Florida: St. Johns County. Ponte Vedra Beach, ca. 20 km N of St. Augustine along the coast, secondar",29.665142,-81.211253,,http://storage.idigbio.org/portals/seinet/sernec/FLAS/00236/236550a1_1559661584_web.jpg,0,0
Cereus hildmannianus,2016,"Uruguay, Salto, Salto, Ruta 31, KM 130",-31.459912,-56.7168875,Large cactus,http://storage.idigbio.org/portals/seinet/arizona/SEINet/201612/DSCN0131-m_1480777491.jpg,0,0
Eriosyce strausiana,1986,"Chile, 3 km S on W side of concrete aueduct, {Portrerilla?}",-33,-69.166667,,https://serv.biokic.asu.edu/imglib/h_seinet/seinet/DES/DES00037/DES00037164.jpg,1,0
Cephalocereus purpusii,1976,"Mexico, Sinaloa, In the vicinity of Mazatlan.",23.2361111,-106.4,,http://storage.idigbio.org/portals/seinet/midwest/misc/201504/webmedia_1429414531_web.jpg,0,0
Ferocactus alamosanus var. alamosanus,2006,"Mexico, Sonora, Mpio. de Alamos. Cerro El Cuervo above Rancho Santa Barbara, 23.7 km (by air) NE of Alamos.",27.13,-108.7231,Solitary cactus at base of Ipomoea arborescens.,https://serv.biokic.asu.edu/imglib/h_seinet/seinet/ASU/ASU0053/ASU0053594.jpg,0,0
Cylindropuntia thurberi subsp. alamosensis,2001,"MÉXICO, SINALOA, SINALOA, Edo. de Sinaloa, Mpio. de Mocorito, cerro de Caimanero.",24.986667,-107.7875,,http://storage.idigbio.org/portals/seinet/mexnorte/UNISON_USON/00009/09851_1575924499.jpg,0,0
Opuntia pumila,2008,"Mexico, sonora, Mpio. de Bacadehuaci. Rancho El Carricito, 11.9 km (by road).",29.770278,-109.084722,"Occasional fragile 'choya' under shrubs; tepals light yellow, outer lower tepals green in middle, filaments light green, stamens pale yellow, stigma and style white.",https://serv.biokic.asu.edu/imglib/h_seinet/seinet/ASU/201111/ASU0059666-1.jpg,0,0
Mammillaria glassii,1992,"Mexico, Nuevo Leon, Aramberri: Cerro El Hijo, Ascencion",24.283333,-99.983333,,https://serv.biokic.asu.edu/imglib/h_seinet/seinet/DES/DES/DES00068/DES00068663.jpg,1,0
Dendrocereus undulosus,2016,"Dominican Republic, Pedernales, Oviedo, Oviedo, Paraje Tees Scharcos, Parque Nacíonal Jaragua, área de sisal (Agave sisalana)",17.8672,-71.51762,"árboles hasta 10 m de alto, 16 individuos grandes vistos aquí, troncos con grande diámetro muchas veces formando grupos de largas espinas de las areolas, tallos con tres costillas; flores viejas secas, ningún fruto presente (fruto amarillo como vista en fotos de T. Clase de las mismas plantas); conocido como Sansón.",,0,0
Parodia horstii,1989,"United States, Pennsylvania, Allegheny, Pittsburgh, Phipps Conservatory, Desert Room",40.439124,-79.947622,,/imglib/seinet/mam/CM/CM363/CM363221_1583433210_web.jpg,0,0
Echinocereus rigidissimus var. rigidissimus,2008,"Mexico, Sonora, Rancho Puerta Blanca, ca. 41 km east of Agua Prieta, Cuenca Los Ojos Conservation Area.",31.33056,-109.12306,"flowers magenta with white center, stamens orange, stigma olive green.",https://serv.biokic.asu.edu/imglib/h_seinet/seinet/ASU/201111/ASU0059634-1.jpg,1,0
Harrisia fernowii,2018,"Cuba, Granma, Niquero, Cabo Cruz, ca. 25 km de Niquero.",19.85,-77.733333,"Abundante aquí, ca 2.5-3 m de alto formando un tronco principal y ramicando arriba, tronco bien aramado de areólas espinosas, ramas con 9-10 costillas, frutos amarillos (50-74 x 49-65 mm), pulpa blanca, grosor del pericarpelo 1.2-2 mm.",https://serv.biokic.asu.edu/imglib/h_seinet/seinet/DES/DES00085/DES00085935.jpg,0,0
Ariocarpus fissuratus subsp. lloydii,1993,"Mexico, Durango, South of Nazas, on the Meseta del Baluarte, 4 miles north of Cerro Peñón Blanco, about 0.5 mile from a windmill, stone tank, and corr",25.01667,-104.0167,"Localized, inconspicuous. Stem surface appearing pale grayish olive (somehow different from typical var. fissuratus, which might appear more blackish leaf-green under the dusty cuticle). No reproductive structures except some seeds buried in the apical wool. Specimen consists of one healthy plant sacrificed at time of collection, plus a cuticular skeleton (illustrating variation in tubercle size/surface and areole shape). Approaching var. fissuratus.",https://serv.biokic.asu.edu/imglib/h_seinet/seinet/ASU/ASU0052/ASU0052548.jpg,0,0
Cylindropuntia X deserta,2017,"United States, Nevada, Clark, T28S R61 E NE corner section 13; 1420m",35.51,-115.1069,TOPOTYPE of O. deserti,https://serv.biokic.asu.edu/imglib/h_seinet/seinet/ASU/ASU0298/ASU0298900.jpg,0,0
Blossfeldia liliputana,1958,"Chile, Valparaiso, Granizo, Olmue. Soyotmayor.",-32.983333,-71.166667,,https://serv.biokic.asu.edu/imglib/h_seinet/seinet/ASU/ASU0052/ASU0052569.jpg,0,0
Opuntia huajuapensis,2008,"Mexico, Puebla, Zapotitlan de las Salinas",18.41252,-97.42627,,http://db.herbarium.arizona.edu/images/ARIZ/ARIZ/00426/ARIZ426237_lg.jpg,0,0
Echinocereus viridiflorus var. chloranthus,1985,"USA, Texas, Brewster County, 10.9 miles SE of Route 90 (Marathon), along Route 385, W side of highway.",30.059658,-103.277069,Frequent on ridge.,https://serv.biokic.asu.edu/imglib/h_seinet/seinet/DES/DES00028/DES00028635.JPG,1,0
Cylindropuntia x fosbergii,2006,"USA, California, San Diego, Anza-Borrego Desert State Park, on N side of County Road S-2, just across from Canebrake Residential Area.",32.9167,-116.2417,"Cactus tree 6.5 inches tall. Fruit green to pinkish red. Fruit: some pink on spines. Flower: creamy brown. Branches long and twisting, aging brown.",https://serv.biokic.asu.edu/imglib/h_seinet/seinet/DES/DES00064/DES00064651.jpg,0,0
Copiapoa cinerea subsp. cinerea,1947,"Chile, Antofagasta, Grown in cultivation at Desert Botanical Garden, Phoenix, N 33 deg 27' 33'', W 111 deg 56' 35'', 1200 ft., 366 m: accession number",-27.031363,-69.9825,"Outer perianth yellow with darker midstripe, inner perianth yellow; other flowers collected 19 May 1993; no other collection data.",https://serv.biokic.asu.edu/imglib/h_seinet/seinet/DES/DES00060/DES00060427.jpg,1,0
Harrisia tortuosa,2011,"United States, Florida, Sarasota Co., Lake Sarasota, Chaucer Lane, 2.2 km E of I-75.",27.2969,-82.4256,,https://cdn.plantatlas.org/img/specimens/USF/260423.jpg,0,0
Eriosyce curvispina,1982,"Chile, [Cerro Campana A. Hoffman]",-32.916667,-71.116667,,https://serv.biokic.asu.edu/imglib/h_seinet/seinet/DES/DES00040/DES00040352.jpg,1,0
Corynopuntia vilis,1998,"Mexico, Zacatecas, Hillside of pale brown volcanic tuff just SW of Cedros.",24.68333,-101.775,"Mat-forming perennial to 1 dm tall, 1 m broad, mostly in shade but often in full sun; young spines dark gray-brown to red-brown.",https://serv.biokic.asu.edu/imglib/h_seinet/seinet/ASU/ASU0054/ASU0054222.jpg,0,0
Eriosyce occulta,1982,"Chile, Quebrada Cachina",-25.416667,-70.45,,https://serv.biokic.asu.edu/imglib/h_seinet/seinet/DES/DES00040/DES00040385.jpg,1,0
Cephalocereus apicicephalium,1953,"Mexico, 15 mi. W Tehuatipec",16.410278,-95.408056,Plant 3'4'. It was stated that all plants growing at this location were all apparently stunted.,https://serv.biokic.asu.edu/imglib/h_seinet/seinet/DES/DES00001/DES00001622.jpg,0,0
Astrophytum myriostigma var. myriostigma,1989,"United States, Pennsylvania, Allegheny, Pittsburgh, Phipps Conservatory, Desert Room",40.439124,-79.947622,,/imglib/seinet/mam/CM/CM348/CM348810_1583433265_web.jpg,0,0
Opuntia deamii,1946,"Guatemala, Baja Verapaz, Salamá.",15.10336,-90.314079,,https://serv.biokic.asu.edu/imglib/h_seinet/seinet/ASU/ASU0058/ASU0058195.jpg,0,0
Mammillaria coahuilensis,1985,"Mexico, Cadereyta de Montes",20.697792,-99.815348,,https://serv.biokic.asu.edu/imglib/h_seinet/seinet/DES/DES/DES00002/DES00002005.jpg,1,0
Coryphantha glanduligera,1993,"Mexico, San Luis Potosi, About 1 mile northwest of Huizache Junction, 0.6 mile west of Hwy 57, on the road to San Juan Sin Agua.",22.926942,-100.458722,,https://serv.biokic.asu.edu/imglib/h_seinet/seinet/ASU/ASU0052/ASU0052677.jpg,0,0
Eriosyce heinrichiana subsp. intermedia,1979,"Chile, No location in Chile given",-29.983333,-70.55,,https://serv.biokic.asu.edu/imglib/h_seinet/seinet/DES/DES00037/DES00037147.jpg,0,0
Opuntia engelmannii var. flavispina,1993,"USA, Arizona, Yavapai County, N37 77 500 E2 93 600; Date Creek 7.5' USGS topographic map; just northeast of the Harcuvar Mountains; lower bajada",34.1217,-113.233,"1m tall, 1.5m broad, stems yellow-green, spines widely spreading, very pale yellow-brown, ca. darker toward base; note one flower with double style and two locules, anthers cream -yellow, stigma green, inner tepals yellow, tinged orange toward base. sheet 1 of 2.",https://serv.biokic.asu.edu/imglib/h_seinet/seinet/Cactaceae/herbarium_sheets/OPEN_206002_M.jpg,1,0
Mammillaria winterae subsp. winterae,1991,"Mexico, Nuevo Leon, Mpio. de Dr. Arroyo. A 19 km NE de Dr. Arroyo por carretera a Aramberri.",23.8,-100.0833,"Cuerpo simple o cespitoso, tallo aplanado de hasta 8 cm de diám. Con látex. Con frutos maduros.",https://serv.biokic.asu.edu/imglib/h_seinet/seinet/ASU/ASU0053/ASU0053699.jpg,0,0
Mammillaria mazatlanensis,2013,"Mexico, Sonora, Navojoa, Mesa Masiaca, 7.1 km (by air) W of Masiaca, 35.4 km (by air) SSE of Navojoa.",26.77389,-109.30611,,https://serv.biokic.asu.edu/imglib/madrean/maba/flora/MABA/201303/Mammillaria_mazatlanensis.jpg,0,0
Polaskia chende,1983,"Mexico, Puebla, Cerro El Tambor, al NE de Caltepec",18.25,-97.5,"Arbusto craso de 3 a 4 m, flores blancas, frutos inmaduros,",https://serv.biokic.asu.edu/imglib/h_seinet/seinet/DES/DES00031/DES00031854.jpg,0,0
Ancistrocactus tobuschii,1985,"United States, Texas, Uvalde",29.357336,-99.762205,,https://web.corral.tacc.utexas.edu/torch/BRIT/BRIT0341000/BRIT341652_med.jpg,0,0
Opuntia calmalliana,1994,"Mexico, Baja California, About 6.5 mi N of El Arco along road to Calmalli.",28.02999,-113.403515,,https://serv.biokic.asu.edu/imglib/h_seinet/seinet/ASU/ASU0054/ASU0054474.jpg,1,0
Ferocactus gracilis subsp. gatesii,2015,"Mexico, Baja California, Approximately 2 mi S of the town at Bahia de Los Angeles on the dirt road leading to San Francisquito. Locality is along shor",28.91667,-113.55,"Tepals with purplish-red midvein area, filaments red, anther yellow, stigma yellow upper and red lower.",http://storage.idigbio.org/portals/seinet/sernec/ASU_Plants/201511/ASU0053772_1447177301.jpg,1,0
Opuntia feroacantha,2016,"Mexico, Nayarit, Mpio. de Huanacaxtle. Punta de Mita, ca. 28 km al O del entrorique con la carretera Puerto Vallarta-Tepic.",20.77167,-105.5233,Simple de 2.5 m. Cladodios ovoides de 30 cm.,https://serv.biokic.asu.edu/imglib/h_seinet/seinet/ASU/ASU0058/ASU0058550.jpg,0,0
Escontria chiotilla,1984,"Mexico, Oaxaca, 50 miles NNW of junction with Hwy 190; 10 miles N of Dominacillo; 1 mile from Tomellin Road.",17.758798,-96.961286,Flowers pale yellow.,https://serv.biokic.asu.edu/imglib/h_seinet/seinet/ASU/ASU0067/ASU0067027.jpg,0,0
Echinocereus enneacanthus,1973,"United States, Texas, Brewster, BlackGap Wildlife Management Area",29.563,-102.89,,https://serv.biokic.asu.edu/imglib/h_seinet/greatplains/HPC/201502/8781a_1424125897.jpg,1,0
Echinocereus scheeri subsp. scheeri,1988,"Mexico, Sonora, Rio Mayo Region. Above the cajon of the Rio Cuchujaqui, west of Rancho San Pedro of Bill Alcorn and just above Rancho Palo Injerto of ",27.04333,-108.7283,,https://serv.biokic.asu.edu/imglib/h_seinet/seinet/ASU_Plants/201410/ASU0053235_1412188023.jpg,1,0
Echinocereus viridiflorus subsp. viridiflorus,1997,"USA, NEW MEXICO, Colfax, Park Plateau, along the Vermejo River at its confluence with Salyers Canyon, 39km WSW of Ratón",36.772988,-104.850964,"n=11 during meiosis of microgametogenesis, May 1999, from an individual transplanted to Chino Valley, Arizona; flowers (2) photographed and collected 25 May 2010 from individual transplanted to Chino Valley, Arizona.",https://serv.biokic.asu.edu/imglib/h_seinet/seinet/ASU/ASU_Plants/ASU0079/ASU0079944.jpg,1,0
Cylindropuntia multigeniculata,2015,"United States, Nevada, Clark, McCullough Range, 720m WSW of the summit of Black Mountain, south of Henderson, 27km SSE of central Las Vegas",35.930109,-115.051967,"Population of numerous individuals, which continues to the top of Black Mountain (2150m [5900']) and onto the north-facing slope; see also Baker 14306, 17880; flowers photographed and collected 22 April 2015 from stems potted in garden, Chino Valley, Arizona; additional flowers collected 24 April and 7 May 2015; potted stems died by May 2016.",,0,0
Echinocereus santaritensis subsp. santaritensis,2010,"Mexico, Sonora, Ímuris, Arroyo las Palomas, Rancho El Aribabi, 29.4 km (by air) ENE of Ímuris, Sierra Azul.",30.81944,-110.54778,,https://serv.biokic.asu.edu/imglib/madrean/maba/flora/MABA/201206/Echinocereus_santaritensi.jpg,1,0
Copiapoa cinerea,1996,"Chile, Region II, 4 km E of Taltal, and 1 km NE of the hwy.",-25.431028,-70.450667,,https://serv.biokic.asu.edu/imglib/h_seinet/seinet/DES/DES00041/DES00041358.jpg,0,0
Mammillaria brandegeei,1981,"Mexico, Baja California, Ca. 0.5 mi S of Rancho El Socorro, back away from along beach.",30.309408,-115.816667,Flowers collected on 12 Jun 1973. Perianth off-white; stigmas light-green.,https://serv.biokic.asu.edu/imglib/h_seinet/seinet/ASU/ASU0061/ASU0061653.jpg,0,0
Opuntia pubescens,2012,"Mexico, Sonora, Mazatán, 1.4 km (by air) ESE of Mazatán.",29.00056,-110.12056,,https://serv.biokic.asu.edu/imglib/madrean/maba/flora/MABA/201302/Opuntia_pumila-TRVan_Deve.jpg,1,0
Tephrocactus molinensis,2006,"Argentina, Salta, Provincia Salta.  Valle Calchaquies. En ruta 40 por entrada a Molinos.",-25.431769,-66.286214,"Plantas bajas, cespitosas, 6-12 cm de altura, 30-5-cm diametro; tallos redondos, 1.2-2 cm de diametro, tuberculados; areolas circulares, 4-5 mm de diametro, con lana color crema; sin espinas.",https://serv.biokic.asu.edu/imglib/h_seinet/seinet/DES/DES00063/DES00063854.jpg,0,0
Opuntia hitchcockii,2010,"Mexico, Sonora, Agiabampo, Ctra. hacia Agiabampo (acceso a traves de la ctra. federal 15 Los Mochis-Navojoa)",26.428611,-109.070583,,http://db.herbarium.arizona.edu/images/ARIZ/ARIZ/00426/ARIZ426214_lg.jpg,0,0
Cleistocactus sepium var. sepium,1935,"Ecuador, Cotopaxi, Just S of Saleado along the Rio Panzaleo.",-1.06667,-78.6,"Candelabra to 2 m tall, stem dark green, spines gray, flowers erect or ascending, petals dark pink, anthers yellow, stigmas light green, fruit bronze-green.",https://serv.biokic.asu.edu/imglib/h_seinet/seinet/ASU/ASU0052/ASU0052583.jpg,0,0
Lepismium lumbricoides,1964,"Brazil, Santa Catarina, Rio Chapeco, Abelardo Luz.",-26.6,-52.35,,https://serv.biokic.asu.edu/imglib/h_seinet/seinet/DES/DES00004/DES00004304.jpg,0,0
Mammillaria polythele,1996,"Mexico, Hidalgo, In cultivation at Desert Botanical Garden, Phoenix , AZ, USA (33deg 27'33'' N, 111deg 56'35'' W, 1100 feet elev.); acession number 19",20.670101,-99.336396,"Flowers diam 15-21 mm, length 19-24 mm; stigma # 6-7, pale yellow or cream; outer perianth burgundy or reddish brown with cream edges, inner perianth cream with burgundy or pink midstripe",https://serv.biokic.asu.edu/imglib/h_seinet/seinet/DES/DES/DES00042/DES00042309.jpg,1,0
Opuntia setispina,2019,"Mexico, Sonora, Santa Cruz, Los Alisos on Rancho la Piedra, 8.8 km (by air) E of San Lázaro, Sierra Chivato [Río Santa Cruz drainage].",31.14556,-110.55333,,https://serv.biokic.asu.edu/imglib/madrean/greatergood/flora/GreaterGood/mde-32/Opuntia_setispina-ALReinaG-Ran_1553452648.jpg,0,0
Mammillaria orcuttii,1985,"Mexico, San Luis Potosi, Mpio. de Villa de Zaragoza. Puerto Las Galgas.",21.983333,-100.583333,,https://serv.biokic.asu.edu/imglib/h_seinet/seinet/ASU/ASU0053/ASU0053669.jpg,0,0
Selenicereus donkelaarii,2001,"Mexico, Yucatan, Mpio. de Hunucma. Rancho San Antonio y alrededores, aprox. 8 km al norte de Dzemul, aprox. 1 km al surde Ruinas de X-cambo.",21.27222,-89.32083,"Planta epifita, ramas 1 m de largo, cilindricas; 8- 12 mm de diámetro; costillas 8; areolas alargadas con espinas cortas y delgadas, adpresas. Común.",https://serv.biokic.asu.edu/imglib/h_seinet/seinet/ASU/ASU0053/ASU0053964.jpg,0,0
Stenocereus thurberi var. thurberi,1994,"Mexico, Baja California Sur, Llano de Magdalena; 3.1 miles north of the road to San Carlos on the road to Lopez Mateos.",24.98333,-111.9167,Flowers white.,https://serv.biokic.asu.edu/imglib/h_seinet/seinet/ASU/ASU0054/ASU0054021.jpg,1,0
Eriosyce marksiana var. lissocarpa,1982,"Chile, Sierra Bell Vista.",-35,-70.833333,form truncatipetalus,https://serv.biokic.asu.edu/imglib/h_seinet/seinet/DES/DES00040/DES00040381.jpg,1,0
Echinopsis lageniformis,2011,"United States, Florida, Sarasota Co., Lake Sarasota; Chaucer Lane, 2.2 km E of I-75.",27.2969,-82.4256,,http://storage.idigbio.org/portals/seinet/sernec/USF/00258/258750_1526961909_web.jpg,0,0
Opuntia atrispina,1996,"USA, Texas, Brewster County, Big Bend National Park, Rooney's Place",29.094472,-103.06875,,https://serv.biokic.asu.edu/imglib/h_seinet/seinet/DES/DES00069/DES00069804.jpg,0,0
Echinocereus stolonifer subsp. tayopensis,2014,"Mexico, Sonora, Bacanora, Rancho las Tierras de Jimenez, 14.9 km (by air) SW of Bacanora, Sierra de Murrieta.",28.8925,-109.52583,,https://serv.biokic.asu.edu/imglib/madrean/greatergood/flora/GreaterGood/MDE-2/Echinocereus_stoloniferus_ssp__1504741423.jpg,0,0
Micropuntia pulchella,2017,"USA, California, Mono, Fish Lake Valley; just N of Inyo Co. line, ca 1 k E of Hwy 168",37.231388,-118.206746,Rare.,https://serv.biokic.asu.edu/imglib/h_seinet/seinet/ASU/ASU0102/ASU0102359.jpg,1,0
Epiphyllum anguliger,1988,"Mexico, Colima, Comala, Rancho El Jabalf, ca. 22 km NNW of Cd. of Colima, ca. the Jalisco state line, S and E sides of Lago Calabozo, Mpio. de Comala,",19.4375,-103.675,,http://db.herbarium.arizona.edu/images/ARIZ/288/ariz288399.jpg,0,0
Opuntia puberula,1994,"Mexico, Sonora, Rio Mayo Region. 18 km west of Moron Carit. Old dune near Boca del Rio (i.e., mouth of the Rio Mayo). West of Huatabampito.",27.969242,-111.044751,Fruit red/purple.,https://serv.biokic.asu.edu/imglib/h_seinet/seinet/ASU/ASU0058/ASU0058423.jpg,0,0
Pachycereus pringlei,2010,"Mexico, Sonora, Caborca, Cerro la Proveedora, 8.6 km (by air) WSW Caborca",30.66417,-112.24917,,https://serv.biokic.asu.edu/imglib/madrean/maba/flora/MABA/201104/Pachycereus_pringlei-TRVa.jpg,0,0
Melocactus bellavistensis,2017,"Peru, Cajamraca: Jaen. El Almendro. Bosque secundario",5.712778,-78.8025,"Cactu con 12 costillas, cefalio rojizo ca 30 cm de largo, flores rosadas, frutos rosados, semillas negras.",https://serv.biokic.asu.edu/imglib/h_seinet/seinet/ASU/ASU0108/ASU0108227.jpg,0,0
Opuntia intricata,1912,"USA, California, San Bernardino, Colton. ; PIG 9698",34.07,-117.32,,https://serv.biokic.asu.edu/imglib/h_seinet/seinet/ASU/ASU0019/ASU0019098.jpg,0,0
Corryocactus brevistylus,1994,"Peru, Arequipa, 5 km ENE of Arequipa along Hwy 30, at km 55.",-16.41367,-71.452,"Stems many, stout, 1-1.25 m tall, hypanthium green, petals bright yellow, ovary, style and stigma cream-white, filaments and anthers yellow, fruits round, spiny, and juicy, gathered by locals who scrape spines off and sell or eat the fruits, mature fruits round, to 13 cm in diameter, very juicy, sweet and delicious, seeds numerous, tiny, black, embedded in clearish pulp. Fruits with stem and photo of fruits, flowers off different plant in some population, other photos of different plant in same population.",https://serv.biokic.asu.edu/imglib/h_seinet/seinet/ASU/ASU0052/ASU0052600.jpg,0,0
Eriosyce islayensis,1994,"Chile, Quebrada Pocoto, 11 km into quebrada and ENE of Imperial",-12.984667,-76.292194,Flowers yellow,https://serv.biokic.asu.edu/imglib/h_seinet/seinet/DES/DES00038/DES00038232.jpg,1,0
Echinocereus scheeri subsp. gentryi,2002,"Mexico, Sonora, Oak canyons of the mountains of Eastern Sonora.",29.333333,-110.666667,,https://serv.biokic.asu.edu/imglib/h_seinet/seinet/DES/DES00001/DES00001893.jpg,1,0
Cochemiea poselgeri,1994,"Mexico, Baja California Sur, Near Raymundo along the road to El Tular.",26.45,-112.5667,,https://serv.biokic.asu.edu/imglib/h_seinet/seinet/ASU/ASU0052/ASU0052590.jpg,0,0
Opuntia x columbiana,1979,"USA, Oregon, Umatilla County, McNary Lock and Dam area on the S side of the Columbia River. About 400 m S of the river and a little downstream from th",45.919167,-119.305833,,https://serv.biokic.asu.edu/imglib/h_seinet/seinet/DES/DES00035/DES00035894.jpg,1,0
Corryocactus brachypetalus,1994,"Peru, KM 705; small unnamed quebrada, east of road.",-16.23167,-73.57972,Rare to a.5 m tall.,https://serv.biokic.asu.edu/imglib/h_seinet/seinet/DES/DES00038/DES00038267.jpg,0,0
Harrisia tetracantha,2011,"United States, Florida, Sarasota Co., Lake Sarasota, Chaucer Lane, 2.2 km E of I-75.",27.2969,-82.4256,,http://storage.idigbio.org/portals/seinet/sernec/USF/00260/260424_1523543205_web.jpg,0,0
Opuntia macrorhiza var. pottsii,2015,"United States, Arizona, Cochise, Near cattle tank and windmill ca. 500 m N of E Grand View Rd and 850 m south of Leslie Canyon National Wildlife Refug",31.546083,-109.480865,"Caespitose low-growing with tepals budding yellow, turning solid iridescent orange at anthesis, and aging light reddish; frequent locally.",https://serv.biokic.asu.edu/imglib/h_seinet/seinet/misc/201506/OPUPOT_gen3_smallcob_143225653_1433248643_web.jpg,1,0
Echinocereus scheeri var. obscuriensis,1988,"Mexico, Chihuahua, Rio Mayo Region. La Bateria, Rio Haciendito (Rio Durazno) crossing.",28.297746,-108.358,"Magenta fls. The dried flower, as of May 1994. remains brightly colored, tepals rose magenta inside, paler and less colorful outside.",https://serv.biokic.asu.edu/imglib/h_seinet/seinet/ASU/ASU0053/ASU0053239.jpg,1,0
Disocactus amazonicus,1997,"Peru, Loreto, Prov. Maynas. Estación Biologica Callicebus-Mishana-Rio Nanay; 2 horas río arriba de Iquitos.",-3.88333,-73.58333,"Epífito, hojas carnosas, flores lilas, frutos verdes.",https://serv.biokic.asu.edu/imglib/h_seinet/seinet/ASU/ASU0052/ASU0052770.jpg,0,0
Cochemiea maritima,1970,"Mexico, Baja California, Hill, 2 mi NE of Punta Negra, B.C.",28.86667,-114.4167,,http://db.herbarium.arizona.edu/images/ARIZ/185/ariz185097.jpg,1,0
Gymnocalycium horstii,1989,"United States, Pennsylvania, Allegheny, Pittsburgh, Phipps Conservatory, Desert Room",40.439124,-79.947622,,/imglib/seinet/mam/CM/CM348/CM348721_1583434836_web.jpg,0,0
Eriosyce chilensis var. albidiflora,1987,"Chile, In coastal rocks next to little church",-32.15,-71.516667,,https://serv.biokic.asu.edu/imglib/h_seinet/seinet/DES/DES00037/DES00037043.jpg,0,0
Rhipsalis occidentalis,1987,"Ecuador, Morona Santiago, El bosque primario cerca el Rio Bombioza; Nuevo Tarqui y los alrededores, 10 km al oeste del Gualaquiza, cerca al Centro Shu",-3.45,-78.5667,"Hierba, epifita colgante; fruto verde-blanco, abayado.",https://serv.biokic.asu.edu/imglib/h_seinet/seinet/ASU/ASU0059/ASU0059951.jpg,0,0
Copiapoa fiedleriana,1996,"Chile, Atacama, Town: Huasco. Huasco Bajo, 11 km north from Huasco Bajo. EFA 6304. Plant separate.",-28.38333,-71.18333,,https://serv.biokic.asu.edu/imglib/h_seinet/seinet/DES/DES00046/DES00046799.jpg,0,0
Gymnocactus beguinii,1978,"Mexico, Nuevo Leon, 6.4 mi W of La Ascension at jct of La Ascension road and Dr. Arroyo road on road to Sandia.",24.32702,-99.91464,Single very local population.,https://serv.biokic.asu.edu/imglib/h_seinet/seinet/ASU/ASU0054/ASU0054035.jpg,0,0
Cylindropuntia californica subsp. delgadilloana,1995,"Mexico, Baja California, Vicinity of Agua Caliente, on east plain of Sierra San Pedro Mártir.",32.107422,-116.39887,,https://serv.biokic.asu.edu/imglib/h_seinet/seinet/ASU/ASU0054/ASU0054355.jpg,1,0
Copiapoa humilis subsp. variispinata,1996,"Chile, Antofagasta, 20.5 km S of El Cobre along the coastal road to Paposo. 38.5 km N of Paposo.",-24.515,-71.15833,,https://serv.biokic.asu.edu/imglib/h_seinet/seinet/DES/DES00041/DES00041364.jpg,0,0
Mammillaria gaumeri,2001,"Mexico, Yucatan, Mpio. de Hunucma. Aprox. 4 km al noroeste de San Diego Guerra.",21.29269,-89.32853,"Plantas globosas, solitarias o fornnando colonias; tallos 8 cm en diametro; espinas 1 central rojiza, 6 mm largo; espinas radiales 6-7, aciculares, blancas; flores amarillas con margen de tépalos blanquecinos.",https://serv.biokic.asu.edu/imglib/h_seinet/seinet/ASU/ASU0053/ASU0053640.jpg,0,0
Opuntia quitensis,1935,"Ecuador, Rio Chanchan; at Estación de Ferrocarril Chanchan.",-2.25,-78.95,"Shrub to 1.5m tall, along railroad tracks; stems green; flowers orange-red.",https://serv.biokic.asu.edu/imglib/h_seinet/seinet/ASU/ASU0058/ASU0058682.jpg,0,0
Thelocactus tulensis,1991,"Mexico, Nuevo Leon, Mpio. de Aramberri. A 7 km al W de Aramberri por la carretera 19, rumbo a la carretera Dr. Arroyo-La Ascención.",24.08333,-99.88333,"Cuerpo simple, aplanado de 20 cm de diám. Con botones florales.",https://serv.biokic.asu.edu/imglib/h_seinet/seinet/ASU/ASU0054/ASU0054051.jpg,0,0
Echinofossulocactus dichroacanthus,1983,"Mexico, Hidalgo, 4.0 km N of Villagran on Mexico Highway 85 from Pachuca to Ixmiquilpan, Hgo.",20.45,-99.11667,,http://db.herbarium.arizona.edu/images/ARIZ/250/ariz250719.jpg,1,0
Mammillaria swinglei,1966,"Mexico, Sonora, Mpio. de Guaymas. North of Las Guásimas, south of Cochori.",27.918861,-110.548445,"Petaloids and outer sepals white pink mid-stripe, filament pink, anthus yellow, style pale green, stigma lobes green.",https://serv.biokic.asu.edu/imglib/h_seinet/seinet/ASU/ASU0059/ASU0059961.jpg,0,0
Leptocereus wrightii,2017,"United States, Florida, Miami-Dade County, Fairchild Tropical Botanic Garden, off of Old Cutler Rd. (originally from Cuba, Pinar del Río, Bahía Honda)",25.676477,-80.275338,"sterile shrub to 1 m tall, stems with 5-6 ribs",https://serv.biokic.asu.edu/imglib/h_seinet/seinet/DES/DES00086/DES00086860.jpg,0,0
Ferocactus gracilis subsp. coloratus,2000,"Mexico, Baja California, South of Punta Prieta. Ca. 2.5 mi W of Rte 1, 15 mi S of turnoff to Bahia Angeles.",28.889763,-114.135521,"Plant height ca. 3 ft, diameter 12-16 in.",https://serv.biokic.asu.edu/imglib/h_seinet/seinet/ASU/ASU0053/ASU0053564.jpg,1,0
Turbinicarpus schmiedickeanus subsp. schwarzii,1999,"Mexico, San Luis Potosi, 11 miles south of Matehuala and 1/2 mile north of the village of La Bonita. Near the top of a hill east of hy. 57.",23.488405,-100.643337,Rare.,https://serv.biokic.asu.edu/imglib/h_seinet/seinet/DES/DES00078/DES00078699.jpg,0,0
Ancistrocactus brevihamatus,2007,"MEXICO, Coahuila, 34km NE of Buenavista; Primero de Mayo 1:50,000 Central topographic quad",27.203,-101.233,"Flower photographed and pressed 23 February 2009 from individual transplanted into greenhouse, Chino Valley, Arizona; another flower photographed and pressed 24 February 2010, the flower had been open for several days; dead stems collected 11 July 2013.",https://serv.biokic.asu.edu/imglib/h_seinet/seinet/ASU/201312/ASU0076466.jpg,0,0
Cylindropuntia acanthocarpa subsp. thornberi,2016,"USA, Arizona, Yavapai, 10 miles E of I-17 on Bloody Basin Rd.",34.2063,-111.9383,Tepals mostly red with some yellow coloration.,https://serv.biokic.asu.edu/imglib/h_seinet/seinet/DES/DES00078/DES00078123.jpg,1,0
Mammillaria gasseriana,1993,"Mexico, Coahuila, Amparo, Northeast of Amparo.",25.451667,-102.59,Partially tuberous root.,https://serv.biokic.asu.edu/imglib/h_seinet/seinet/DES/DES00086/DES00086918.jpg,1,0
Copiapoa rupestris subsp. desertorum,2014,"Chile, Antofagasta, Antofagasta, Grown in cultivation at Desert Botanical Garden, Phoenix, N 33 deg 27' 33'', W 111 deg 56' 35'', 1200 ft., 366 m: Not",-25.546744,-70.475536,"Plant cultivated in greenhouse, multi-stemmed mound (21), height 9 inches, width 13 inches, individual stems columnar, green, rib count 10-12; radial spines dark brown and graying with age, central spines dark brown, graying with maturity; flowers collected late morning, diameter 36-37 mm, length 35-38 mm, outer periath pale red with wide dark red mid-stripe, inner perianth pale red with dark red mid-stripe; stigma lobe number 8-10, white; style cream with light pink at tip; filaments white.",https://serv.biokic.asu.edu/imglib/h_seinet/seinet/DES/DES00077/DES00077719.jpg,1,0
Opuntia anteojoensis,1988,"Mexico, Coahuila, Ca. 21 km west of Cuatro Ciénegas on the road to Esmeralda.",26.933333,-102.25,Flowers yellow. Tepals yellow.,https://serv.biokic.asu.edu/imglib/h_seinet/seinet/ASU/ASU0019/ASU0019052.jpg,1,0
Cylindropuntia rosea,2009,"Mexico, Hidalgo, 1 km north of Tula de Allende, just north of the Zona Archeológia fence.",20.06667,-99.33333,"Shrub generally 1-2 m tall from 1 toseveral trunks to 9 cm diameter, these generally suberect; main branches arching-ascending; ultimate stem segments whorled, very easily detached; fruit yellow to pale green-yellow, leathery, moderately tuberculate, somewhat wrinkled.",https://serv.biokic.asu.edu/imglib/h_seinet/seinet/ASU/ASU0058/ASU0058926.jpg,0,0
Opuntia turgida,1919,"United States of America, Florida, Volusia Co., 5 miles south of Daytona",29.138217,-81.022833,,http://storage.idigbio.org/portals/seinet/mam/NY/00386/webmedia_1473316899_web.jpg,0,0
Pilosocereus pachycladus,2012,"United States, Florida, Sarasota Co., Lake Sarasota, 2.2 km E of I-75.",27.2969,-82.4256,,https://cdn.plantatlas.org/img/specimens/USF/263407.jpg,1,0
Cylindropuntia imbricata var. argentea,2003,"USA, Texas, Brewster, Originally received into the DBG living collection as a plant collected by Wendy C. Hodgson 19 May 1993 from Texas, Brewster Cou",29.095278,-103.069722,"Plant height ca 3 feet; joints blue-greay-green; spines white, tuberculate; areoles appear grayish-purple; flowers collected in the afternoon, diameter 25-35 mm, length 30-33 cm, outer perianth magenta with brownish midstripe, inner perianth bright magenta; stigma lobe number 5, pale yellow; style pink; Plant is dead.",https://serv.biokic.asu.edu/imglib/h_seinet/seinet/DES/DES00068/DES00068905.jpg,1,0
Thelocactus setispinus,1964,"USA, Texas, Burnet, Ink's Lake State Park.",30.735885,-98.371957,13-ribbed stem.,https://serv.biokic.asu.edu/imglib/h_seinet/seinet/KHD/KHD00029/KHD00029933.JPG,1,0
Austrocylindropuntia miquelii,1977,"Mexico, Coahuila, Rte 40, ca. 4 mi E of El Sol and 27 mi W of Paila.",25.56667,-102.6833,,https://serv.biokic.asu.edu/imglib/h_seinet/seinet/ASU/ASU0058/ASU0058157.jpg,0,0
Hatiora cylindrica,1916,"United States of America, New York, Bronx Co., Bronx, New York Botanical Garden",40.862412,-73.878143,,http://storage.idigbio.org/portals/seinet/midwest/misc/201504/webmedia_1429372241_web.jpg,0,0
Ferocactus gracilis subsp. gracilis,1971,"Mexico, Baja California, Rte. 1, 5.5 mi. E of Rosario and 6.9 mi. NE (left fork) and 1.9 mi. along road to rancho",30.067905,-115.748573,"n=11, meiosis irregular",https://serv.biokic.asu.edu/imglib/h_seinet/seinet/DES/DES00015/DES00015738.jpg,1,0
Coryphantha jaumavei,1993,"Mexico, San Luis Potosi, 11.2 miles east of Rio Verde on MEX Hwy 70.",21.92791,-99.998854,"Pith very wide; medullary vascular system obvious; very woody, the root especially woody.",https://serv.biokic.asu.edu/imglib/h_seinet/seinet/ASU/ASU0052/ASU0052705.jpg,0,0
Eriosyce taltalensis subsp. paucicostata,1982,"Chile, 45 kilometers S of Paposo",-25.266667,-70.4,form  neohankeana,https://serv.biokic.asu.edu/imglib/h_seinet/seinet/DES/DES00040/DES00040401.jpg,1,0
Cylindropuntia kelvinensis,2012,"USA, Arizona, Pinal County, Arizona National Scenic Trail, western foothills of Tortilla Mountains, northeast of Cottonwood Wash.",32.903296,-110.940599,Frequent shrub ca 2-1/4 m tall x 2.5 m wide.,https://serv.biokic.asu.edu/imglib/h_seinet/seinet/DES/DES00082/DES00082686.jpg,1,0
Pereskiopsis rotundifolia,1996,"Mexico, Oaxaca, Near Hiutzo, just off roadside at field border.",17.25,-96.8667,"Tree to 2.5 m, clear yellow flowers.",https://serv.biokic.asu.edu/imglib/h_seinet/seinet/ASU/ASU0059/ASU0059036.jpg,1,0
Cylindropuntia bigelovii subsp. ciribe,1993,"Mexico, Baja California Sur, 64 km north of Ciudad Insurgentes and 13.7 mi east of Francisco Villa at riparian area on the Rio Commundu.",25.9667,-111.933,,https://serv.biokic.asu.edu/imglib/h_seinet/seinet/ASU/ASU0019/ASU0019069.jpg,1,0
Ferocactus johnstonianus,1960,"Mexico, Baja California, Arroyo Estatón, Isla Angel de la Guarda",29.13333,-113.3333,,http://db.herbarium.arizona.edu/images/ARIZ/199/ariz199158.jpg,0,0
Echinocereus leucanthus,2010,"Mexico, Sonora, Guaymas, Near Las Guásimas",27.90056,-110.53722,Locally abundant,https://serv.biokic.asu.edu/imglib/madrean/maba/flora/MABA/201104/Echinocereus_leucanthus-F.jpg,1,0
Mammillaria pennispinosa,1993,"Mexico, Durango, Napimí, Near Napimí",25.85,-103.783333,,https://serv.biokic.asu.edu/imglib/h_seinet/seinet/DES/DES00086/DES00086921.jpg,1,0
Opuntia wilcoxii,2018,"Mexico, Sonora, muris, Cerro Agua Caliente, 0.9 km (by air) W of Ímuris.",30.76944,-110.86722,,https://serv.biokic.asu.edu/imglib/madrean/greatergood/flora/GreaterGood/mde-30/Opuntia_cf_wilcoxii-ALReinaG-C_1546971431.jpg,0,0
Echinocereus fendleri var. rectispinus,2014,"Mexico, Sonora, Cananea, 22.4 km (by air) ENE of Cananea, NE of Sierra de los Ajos.",31.05167,-110.04833,,https://serv.biokic.asu.edu/imglib/madrean/maba/flora/MABA_Plants/201501/Echinocereus_fendleri_rectispi_1422399590.jpg,0,0
Opuntia emoryi,1993,"USA, Arizona, Cochise County, Low hills ca. 4-5 miles south of Peloncillo Mountains and Wilderness Area; ca. 7.5 miles north of frontage road of Inter",32.3761,-109.138,"Locally common only; clump-forming, low-growing (one joint high)",https://serv.biokic.asu.edu/imglib/h_seinet/seinet/DES/DES00039/DES00039193.jpg,0,0
Pachgerocereus orcuttii,1959,"Mexico, Baja California, Near bottom of Arroyo Venado, tributary of Arroyo de San Fernando, ca. 25 miles by road southeast of El Rosario.",29.8,-115.5833,,https://serv.biokic.asu.edu/imglib/h_seinet/seinet/ASU/ASU0053/ASU0053868.jpg,0,0
Echinocereus coccineus subsp. rosei,1999,"USA, New Mexico, Doña Ana, Organ Mountains, just SE of the top of Pyramid Peak; 1km NNE of Bishop Cap; Bishop Cap Quadrangle",32.1969,-106.598,Locally abundant.,https://serv.biokic.asu.edu/imglib/h_seinet/seinet/ASU/ASU_Plants/ASU0079/ASU0079810.jpg,1,0
Echinocereus sciurus subsp. floresii,2004,"Mexico, Sinaloa, Topolobampo",25.603672,-109.054082,,https://serv.biokic.asu.edu/imglib/h_seinet/seinet/DES/DES00001/DES00001931.jpg,1,0
Echinocereus longisetus,2011,"Mexico, Coahuila, Cuatro Ciénegas Basin. Cañón del Agua, Sierra de la Madera, NW of Cuatro Ciénegas.",27.02130297,-102.0894027,,https://serv.biokic.asu.edu/imglib/h_seinet/seinet/ASU/ASU0053/ASU0053267.jpg,0,0
Mammillaria brandegeei subsp. lewisiana,2002,"Mexico, Baja California Sur, Flats E of MEX 1 on the road to San Francisco de la Sierra.",27.483333,-113.2,"Plant with milky sap. Flowers with outer tepals pink-brown and inner tepals cream with pink midstripe; perianth to 1.5 cm long; filaments white, anthers yellow, style cream, stigma lt. Green with 5 short lobes; Chromosomes n=11",https://serv.biokic.asu.edu/imglib/h_seinet/seinet/DES/DES00038/DES00038935.jpg,0,0
Opuntia grandis,2012,"Mexico, San Luis Potosi, Camino a Guadalcazar, Guadalcazar",22.626361,-100.435222,,http://db.herbarium.arizona.edu/images/ARIZ/ARIZ/00426/ARIZ426101_lg.jpg,0,0
Cylindropuntia molesta subsp. molesta,1994,"Mexico, Baja California, 5.5 mi E of Rosario and 4.5 mi NE on left fork.",30.067905,-115.748573,,https://serv.biokic.asu.edu/imglib/h_seinet/seinet/ASU/ASU0056/ASU0056557.jpg,1,0
Echinocereus pulchellus,1956,"Mexico, San Luis Potosi, 15 mi. on road to Zacatecas from San Luis Potosi",22.300278,-101.149167,,https://serv.biokic.asu.edu/imglib/h_seinet/seinet/DES/DES00001/DES00001929.jpg,1,0
Opuntia sulphurea,2012,"USA, Florida, Monroe, Originally received into the DBG living collection as a cutting from DBG accession 1994 0034 0102 which was originally recieved",24.661653,-81.338808,,https://serv.biokic.asu.edu/imglib/h_seinet/seinet/DES/DES00069/DES00069070.jpg,0,0
Cylindropuntia californica var. rosarica,1995,"Mexico, Baja California, Baja California Peninsula.",25.855043,-111.753174,,https://serv.biokic.asu.edu/imglib/h_seinet/seinet/ASU/ASU0054/ASU0054338.jpg,0,0
Ancistrocactus pinkavanus,1973,"Mexico, Coahuila, Ca. 9 mi W of jct road from Cuatro Ciénegas to Ocampo and road to Dolores. Ca. 2 mi E of Rancho.",27.149348,-102.2371,,http://storage.idigbio.org/portals/seinet/arizona/ASU_Plants/201511/ASU0023490_1448406719.jpg,0,0
Echinopsis formosa,2004,"Chile, Antofagasta, Region III. Antofagasta. NE slope of Quebrada La Chita on road to Collama.",-22.410528,-70.35,"Original name given to speciment (Echinopsis uebelmannian) not formally published. Plants 45 - 60 cm tall, 30 - 40 cm in diameter, 34 ribs; spines golden, 7 - 8 centreal, 14 - 17 radial spines, 3 - 8 (-14) cm long.",https://serv.biokic.asu.edu/imglib/h_seinet/seinet/DES/DES00055/DES00055836.jpg,0,0
Copiapoa calderana,1996,"Chile, Antofagasta, Town: Antofagasta. Q. la Chimba. Plant separate.",-23.53333,-70.35,,https://serv.biokic.asu.edu/imglib/h_seinet/seinet/DES/DES00046/DES00046800.jpg,1,0
Opuntia impedata,1921,"United States of America, Florida, Atlantic Beach, East of Jacksonville",30.338556,-81.413116,,http://storage.idigbio.org/portals/seinet/mam/NY/00385/webmedia_1473311814_web.jpg,0,0
Mammillaria bocasana subsp. bocasana,1990,"Mexico, San Luis Potosi, San Luis Potosi: West of Urbanos.",22.408333,-100.9,Ample plants.,https://serv.biokic.asu.edu/imglib/h_seinet/seinet/DES/DES00063/DES00063741.jpg,1,0
Eriosyce subgibbosa subsp. subgibbosa,1977,"Chile, KM 230 PanAm on coast",-31.75,-71.5,,https://serv.biokic.asu.edu/imglib/h_seinet/seinet/DES/DES00036/DES00036882.jpg,1,0
Echinocereus enneacanthus var. enneacanthus,1982,"Mexico, Chihuahua, W of Camargo near Presa la Boquilla at Los Filtros.",27.545079,-105.412412,Common.,https://serv.biokic.asu.edu/imglib/h_seinet/seinet/ASU/ASU0053/ASU0053135.jpg,0,0
Coryphantha poselgeriana,2004,"Mexico, Coahuila, 20km west of Laguna del Rey, 1km NE of El Milagro. Laguana del Rey 1:50,000 Centenal topographic quadrangle.",27.05987,-103.6403,"Generally solitary stemmed but at least two individuals with two stems; large spines dark brown, some individuals with uniformly straw-colored spines, ca. 40 adults seen, no juveniles, ca. 12 dead individuals.",https://serv.biokic.asu.edu/imglib/h_seinet/seinet/DES/DES00064/DES00064801.jpg,1,0
Opuntia leucotricha,1999,"Mexico, Zacatecas, Mpio. de Mazapil. 4 km NW de Tecolotes, ladera W de Sierra El Raton.",24.63944,-101.9989,"Plantas arborescentes, epidermis pubescente; segmentos del tallo anchamente obovados; 27 x 17 x 1.2 cm; 15 series de areolas, distantes entre si 1.4-2.0 cm; areolas circulares de 2.5 mm; lana blanca en el centro; gloquidas cafe claro dispuestas en semicírculo en la parte apical, 3 mm de largo; espinas delgadas, amarillentas, 3-8 con algunos pelos setosos, amarillos; frutos obovados, amarillentos, carnosos.",https://serv.biokic.asu.edu/imglib/h_seinet/seinet/ASU/ASU0058/ASU0058320.jpg,0,0
Stenocactus obvallatus,1972,"Mexico, San Luis Potosi, Along Rtes 57-80, near town of Ventura near mine and railroad tracks, ca. 33 km N of San Luis Potosi.",22.5,-100.5,,https://serv.biokic.asu.edu/imglib/h_seinet/seinet/ASU/ASU0053/ASU0053272.jpg,0,0
Cylindropuntia cardenche,1997,"Mexico, San Luis Potosi, SE side of San Luis Potosí, 2 km NNE of El Aguaje, just south of the Bochoco Plant.",22.11,-100.9333,"Shrub to 2 m tall; fruit ovate, pale yellow-green to orange-red, chaining.",https://serv.biokic.asu.edu/imglib/h_seinet/seinet/ASU/ASU0058/ASU0058884.jpg,0,0
Opuntia bravoana,1996,"MÉXICO, SONORA, Hermosillo, Loc. Bordo de la Presa de Hermosillo, Lado W.",29.125556,-110.928333,,http://storage.idigbio.org/portals/seinet/mexnorte/UNISON_USON/00004/04893_1575922714.jpg,0,0
Cereus stellatus,1992,"Mexico, Oaxaca, 50 miles NNW of junction with Hwy 190; 1 mile from Tomellin Road; 10 miles N of Dominacillo.",17.758798,-96.961286,Flowers red.,https://serv.biokic.asu.edu/imglib/h_seinet/seinet/ASU/ASU0053/ASU0053997.jpg,0,0
Eriosyce napina subsp. napina,1977,"Chile, 3 km N of Freirina",-28.466667,-71.05,,https://serv.biokic.asu.edu/imglib/h_seinet/seinet/DES/DES00036/DES00036915.jpg,0,0
Pygmaeocereus bylesianus,1994,"Peru, Arequipa, 12 km south of Atico at km 711 along Hwy 1 (Pan American Highway).",-16.25622,-73.52975,"Small, inconspicuous cacti, not infrequent here, with large root.",https://serv.biokic.asu.edu/imglib/h_seinet/seinet/ASU/ASU0053/ASU0053937.jpg,0,0
Echinocereus coccineus subsp. coccineus,1970,"United States, Colorado, Garfield, 6 miles NW of Debeque, on knoll along Sulphur Gulch.",39.4002525,-108.2885257,,https://botanydb.colorado.edu/COLO_V/00209/00209171.jpg,0,0
Opuntia x charlestonensis,2013,"United States, Nevada, Clark, Spring Mountains, south-running ravine of Kyle Canyon, just east of Stanley B. Springs, 5.3 km east of Charleston Peak,",36.270293,-115.637077,"Locally numerous individuals; stems trailing. This is not the type locality for the species. Stem transplanted to pot, Chino Valley, Arizona. Bud collected in late meiosis of microgametogenesis at 18:30 hrs, 23 May 2013, n = 55/2, stem collected 2 June 2013.",https://serv.biokic.asu.edu/imglib/h_seinet/seinet/ASU/ASU_Plants/ASU0078/ASU0078777.jpg,0,0
